continent,country,year,pop,lifeExp,gdpPercap
JAMMU AND KASHMIR,JAMMU AND KASHMIR,2001,10143700,55.5,16.2268205881
JAMMU AND KASHMIR,JAMMU AND KASHMIR,2002,10384222.6,56.824,19.3851776637
JAMMU AND KASHMIR,JAMMU AND KASHMIR,2003,10624745.2,58.148,20.3110753188
JAMMU AND KASHMIR,JAMMU AND KASHMIR,2004,10865267.8,59.472,20.2019871061
JAMMU AND KASHMIR,JAMMU AND KASHMIR,2005,11105790.4,60.796,19.2782316511
JAMMU AND KASHMIR,JAMMU AND KASHMIR,2006,11346313,62.12,21.3725815602
JAMMU AND KASHMIR,JAMMU AND KASHMIR,2007,11586835.6,63.444,21.7401893577
JAMMU AND KASHMIR,JAMMU AND KASHMIR,2008,11827358.2,64.768,19.3534343113
JAMMU AND KASHMIR,JAMMU AND KASHMIR,2009,12067880.8,66.092,21.6525174826
JAMMU AND KASHMIR,JAMMU AND KASHMIR,2010,12308403.4,67.416,21.1644022002
JAMMU AND KASHMIR,JAMMU AND KASHMIR,2011,12548926,68.74,25.0300304584
JAMMU AND KASHMIR,JAMMU AND KASHMIR,2012,12789448.6,70.064,25.974536541
JAMMU AND KASHMIR,JAMMU AND KASHMIR,2013,13029971.2,71.388,26.8995222338
JAMMU AND KASHMIR,JAMMU AND KASHMIR,2014,13270493.8,72.712,24.6712748549
JAMMU AND KASHMIR,JAMMU AND KASHMIR,2015,13511016.4,74.036,24.3579010088
HIMACHAL PRADESH,HIMACHAL PRADESH,2001,6077900,76.5,14.4786850721
HIMACHAL PRADESH,HIMACHAL PRADESH,2002,6155760.9,77.228,13.4995496657
HIMACHAL PRADESH,HIMACHAL PRADESH,2003,6233621.8,77.956,11.5021414998
HIMACHAL PRADESH,HIMACHAL PRADESH,2004,6311482.7,78.684,12.865439685
HIMACHAL PRADESH,HIMACHAL PRADESH,2005,6389343.6,79.412,12.3330352745
HIMACHAL PRADESH,HIMACHAL PRADESH,2006,6467204.5,80.14,12.2154788827
HIMACHAL PRADESH,HIMACHAL PRADESH,2007,6545065.4,80.868,15.492587744
HIMACHAL PRADESH,HIMACHAL PRADESH,2008,6622926.3,81.596,14.7366882219
HIMACHAL PRADESH,HIMACHAL PRADESH,2009,6700787.2,82.324,14.1028206358
HIMACHAL PRADESH,HIMACHAL PRADESH,2010,6778648.1,83.052,15.1505135663
HIMACHAL PRADESH,HIMACHAL PRADESH,2011,6856509,83.78,14.5117580973
HIMACHAL PRADESH,HIMACHAL PRADESH,2012,6934369.9,84.508,13.065354359
HIMACHAL PRADESH,HIMACHAL PRADESH,2013,7012230.8,85.236,20.9918931932
HIMACHAL PRADESH,HIMACHAL PRADESH,2014,7090091.7,85.964,20.2254083681
HIMACHAL PRADESH,HIMACHAL PRADESH,2015,7167952.6,86.692,16.7830350887
PUNJAB,PUNJAB,2001,24358999,69.7,9.5570429639
PUNJAB,PUNJAB,2002,24693522.7,70.398,9.1076515381
PUNJAB,PUNJAB,2003,25028046.4,71.096,9.2576142899
PUNJAB,PUNJAB,2004,25362570.1,71.794,7.5465538092
PUNJAB,PUNJAB,2005,25697093.8,72.492,7.41718116
PUNJAB,PUNJAB,2006,26031617.5,73.19,8.3244923217
PUNJAB,PUNJAB,2007,26366141.2,73.888,10.0242200023
PUNJAB,PUNJAB,2008,26700664.9,74.586,9.6626807222
PUNJAB,PUNJAB,2009,27035188.6,75.284,9.480237175
PUNJAB,PUNJAB,2010,27369712.3,75.982,10.2047108475
PUNJAB,PUNJAB,2011,27704236,76.68,9.3415317427
PUNJAB,PUNJAB,2012,28038759.7,77.378,11.2380149255
PUNJAB,PUNJAB,2013,28373283.4,78.076,17.1076428892
PUNJAB,PUNJAB,2014,28707807.1,78.774,17.681601323
PUNJAB,PUNJAB,2015,29042330.8,79.472,17.0681893066
CHANDIGARH,CHANDIGARH,2001,900635,81.9,16.2107846131
CHANDIGARH,CHANDIGARH,2002,916040.1,82.353,20.3047879673
CHANDIGARH,CHANDIGARH,2003,931445.2,82.806,16.6408072101
CHANDIGARH,CHANDIGARH,2004,946850.3,83.259,18.9047835756
CHANDIGARH,CHANDIGARH,2005,962255.4,83.712,20.3688126874
CHANDIGARH,CHANDIGARH,2006,977660.5,84.165,22.604984041
CHANDIGARH,CHANDIGARH,2007,993065.6,84.618,22.5564152056
CHANDIGARH,CHANDIGARH,2008,1008470.7,85.071,13.3866060759
CHANDIGARH,CHANDIGARH,2009,1023875.8,85.524,14.2595420265
CHANDIGARH,CHANDIGARH,2010,1039280.9,85.977,13.2784120251
CHANDIGARH,CHANDIGARH,2011,1054686,86.43,14.6015022481
CHANDIGARH,CHANDIGARH,2012,1070091.1,86.883,22.5214470058
CHANDIGARH,CHANDIGARH,2013,1085496.2,87.336,44.3115323665
CHANDIGARH,CHANDIGARH,2014,1100901.3,87.789,38.5138976582
CHANDIGARH,CHANDIGARH,2015,1116306.4,88.242,40.6698376001
UTTARAKHAND,UTTARAKHAND,2001,8489349,71.6,8.7639228874
UTTARAKHAND,UTTARAKHAND,2002,8652089.3,72.403,10.0438168154
UTTARAKHAND,UTTARAKHAND,2003,8814829.6,73.206,10.0398991264
UTTARAKHAND,UTTARAKHAND,2004,8977569.9,74.009,10.9383720866
UTTARAKHAND,UTTARAKHAND,2005,9140310.2,74.812,8.555508324
UTTARAKHAND,UTTARAKHAND,2006,9303050.5,75.615,11.1146338505
UTTARAKHAND,UTTARAKHAND,2007,9465790.8,76.418,11.4728924709
UTTARAKHAND,UTTARAKHAND,2008,9628531.1,77.221,11.9228986029
UTTARAKHAND,UTTARAKHAND,2009,9791271.4,78.024,12.0617635009
UTTARAKHAND,UTTARAKHAND,2010,9954011.7,78.827,10.7393886226
UTTARAKHAND,UTTARAKHAND,2011,10116752,79.63,9.7857494184
UTTARAKHAND,UTTARAKHAND,2012,10279492.3,80.433,10.2631527824
UTTARAKHAND,UTTARAKHAND,2013,10442232.6,81.236,16.3375023843
UTTARAKHAND,UTTARAKHAND,2014,10604972.9,82.039,11.6077618642
UTTARAKHAND,UTTARAKHAND,2015,10767713.2,82.842,13.1132764569
HARYANA,HARYANA,2001,21144564,67.9,15.9473612225
HARYANA,HARYANA,2002,21565415.7,68.774,20.1711854782
HARYANA,HARYANA,2003,21986267.4,69.648,18.6934868262
HARYANA,HARYANA,2004,22407119.1,70.522,18.7797457639
HARYANA,HARYANA,2005,22827970.8,71.396,17.8246241668
HARYANA,HARYANA,2006,23248822.5,72.27,19.463351316
HARYANA,HARYANA,2007,23669674.2,73.144,19.2186844718
HARYANA,HARYANA,2008,24090525.9,74.018,20.9708996017
HARYANA,HARYANA,2009,24511377.6,74.892,21.2799137002
HARYANA,HARYANA,2010,24932229.3,75.766,22.0357350877
HARYANA,HARYANA,2011,25353081,76.64,21.3977938224
HARYANA,HARYANA,2012,25773932.7,77.514,22.9767031245
HARYANA,HARYANA,2013,26194784.4,78.388,34.4076128376
HARYANA,HARYANA,2014,26615636.1,79.262,32.525993245
HARYANA,HARYANA,2015,27036487.8,80.136,33.8431532516
DELHI,DELHI,2001,13850507,81.7,15.7972556528
DELHI,DELHI,2002,14140779.8,82.164,15.1335359879
DELHI,DELHI,2003,14431052.6,82.628,22.3268536905
DELHI,DELHI,2004,14721325.4,83.092,24.0671264559
DELHI,DELHI,2005,15011598.2,83.556,27.9117515948
DELHI,DELHI,2006,15301871,84.02,28.8592159743
DELHI,DELHI,2007,15592143.8,84.484,30.3037225709
DELHI,DELHI,2008,15882416.6,84.948,24.2973100202
DELHI,DELHI,2009,16172689.4,85.412,26.0810054263
DELHI,DELHI,2010,16462962.2,85.876,27.1822284813
DELHI,DELHI,2011,16753235,86.34,30.9969984901
DELHI,DELHI,2012,17043507.8,86.804,34.7346336768
DELHI,DELHI,2013,17333780.6,87.268,74.1500097215
DELHI,DELHI,2014,17624053.4,87.732,85.8996489423
DELHI,DELHI,2015,17914326.2,88.196,94.9072815253
RAJASTHAN,RAJASTHAN,2001,56507188,60.4,21.3371084755
RAJASTHAN,RAJASTHAN,2002,57718570.4,61.066,20.6761877803
RAJASTHAN,RAJASTHAN,2003,58929952.8,61.732,19.8048690784
RAJASTHAN,RAJASTHAN,2004,60141335.2,62.398,21.5259604014
RAJASTHAN,RAJASTHAN,2005,61352717.6,63.064,18.6316115197
RAJASTHAN,RAJASTHAN,2006,62564100,63.73,20.2768041097
RAJASTHAN,RAJASTHAN,2007,63775482.4,64.396,22.0241376018
RAJASTHAN,RAJASTHAN,2008,64986864.8,65.062,22.018295611
RAJASTHAN,RAJASTHAN,2009,66198247.2,65.728,25.8994772901
RAJASTHAN,RAJASTHAN,2010,67409629.6,66.394,26.7276353644
RAJASTHAN,RAJASTHAN,2011,68621012,67.06,28.7098651358
RAJASTHAN,RAJASTHAN,2012,69832394.4,67.726,29.9373953587
RAJASTHAN,RAJASTHAN,2013,71043776.8,68.392,39.0379020503
RAJASTHAN,RAJASTHAN,2014,72255159.2,69.058,42.2253584904
RAJASTHAN,RAJASTHAN,2015,73466541.6,69.724,37.4034212058
UTTAR PRADESH,UTTAR PRADESH,2001,166197921,56.3,11.9484045772
UTTAR PRADESH,UTTAR PRADESH,2002,169536276.6,57.642,9.0346445653
UTTAR PRADESH,UTTAR PRADESH,2003,172874632.2,58.984,7.1878677871
UTTAR PRADESH,UTTAR PRADESH,2004,176212987.8,60.326,8.4919960707
UTTAR PRADESH,UTTAR PRADESH,2005,179551343.4,61.668,7.9409041058
UTTAR PRADESH,UTTAR PRADESH,2006,182889699,63.01,8.5718332338
UTTAR PRADESH,UTTAR PRADESH,2007,186228054.6,64.352,10.8152340652
UTTAR PRADESH,UTTAR PRADESH,2008,189566410.2,65.694,12.2321248662
UTTAR PRADESH,UTTAR PRADESH,2009,192904765.8,67.036,11.8923966989
UTTAR PRADESH,UTTAR PRADESH,2010,196243121.4,68.378,10.2067271745
UTTAR PRADESH,UTTAR PRADESH,2011,199581477,69.72,11.2575577342
UTTAR PRADESH,UTTAR PRADESH,2012,202919832.6,71.062,11.3507879959
UTTAR PRADESH,UTTAR PRADESH,2013,206258188.2,72.404,15.1417018992
UTTAR PRADESH,UTTAR PRADESH,2014,209596543.8,73.746,17.0169790748
UTTAR PRADESH,UTTAR PRADESH,2015,212934899.4,75.088,15.0520182884
BIHAR,BIHAR,2001,82998509,47,5.408530893
BIHAR,BIHAR,2002,85079121.8,48.682,5.821639781
BIHAR,BIHAR,2003,87159734.6,50.364,5.9477005337
BIHAR,BIHAR,2004,89240347.4,52.046,7.6725384868
BIHAR,BIHAR,2005,91320960.2,53.728,5.6963921411
BIHAR,BIHAR,2006,93401573,55.41,6.2290171494
BIHAR,BIHAR,2007,95482185.8,57.092,6.8525871556
BIHAR,BIHAR,2008,97562798.6,58.774,7.5182345169
BIHAR,BIHAR,2009,99643411.4,60.456,7.537879218
BIHAR,BIHAR,2010,101724024.2,62.138,7.3237370018
BIHAR,BIHAR,2011,103804637,63.82,8.4919135164
BIHAR,BIHAR,2012,105885249.8,65.502,9.2893014075
BIHAR,BIHAR,2013,107965862.6,67.184,10.7923001951
BIHAR,BIHAR,2014,110046475.4,68.866,11.4069986834
BIHAR,BIHAR,2015,112127088.2,70.548,10.2018166918
SIKKIM,SIKKIM,2001,540851,68.8,4.4374513498
SIKKIM,SIKKIM,2002,547534.7,70.14,5.1138311417
SIKKIM,SIKKIM,2003,554218.4,71.48,6.4956342121
SIKKIM,SIKKIM,2004,560902.1,72.82,8.5576431252
SIKKIM,SIKKIM,2005,567585.8,74.16,10.9234586207
SIKKIM,SIKKIM,2006,574269.5,75.5,8.1843106764
SIKKIM,SIKKIM,2007,580953.2,76.84,9.1229379578
SIKKIM,SIKKIM,2008,587636.9,78.18,8.1683093761
SIKKIM,SIKKIM,2009,594320.6,79.52,6.7303741449
SIKKIM,SIKKIM,2010,601004.3,80.86,6.4891382641
SIKKIM,SIKKIM,2011,607688,82.2,8.8861389397
SIKKIM,SIKKIM,2012,614371.7,83.54,11.0682181487
SIKKIM,SIKKIM,2013,621055.4,84.88,14.9745095204
SIKKIM,SIKKIM,2014,627739.1,86.22,16.0894868585
SIKKIM,SIKKIM,2015,634422.8,87.56,8.1964267362
ARUNACHAL PRADESH,ARUNACHAL PRADESH,2001,1097968,54.3,16.3939204057
ARUNACHAL PRADESH,ARUNACHAL PRADESH,2002,1126432.3,55.565,14.1153622814
ARUNACHAL PRADESH,ARUNACHAL PRADESH,2003,1154896.6,56.83,12.0357095172
ARUNACHAL PRADESH,ARUNACHAL PRADESH,2004,1183360.9,58.095,12.5067508991
ARUNACHAL PRADESH,ARUNACHAL PRADESH,2005,1211825.2,59.36,12.378022837
ARUNACHAL PRADESH,ARUNACHAL PRADESH,2006,1240289.5,60.625,13.5452247237
ARUNACHAL PRADESH,ARUNACHAL PRADESH,2007,1268753.8,61.89,14.5812371163
ARUNACHAL PRADESH,ARUNACHAL PRADESH,2008,1297218.1,63.155,13.4904068946
ARUNACHAL PRADESH,ARUNACHAL PRADESH,2009,1325682.4,64.42,12.3709871987
ARUNACHAL PRADESH,ARUNACHAL PRADESH,2010,1354146.7,65.685,14.0309761121
ARUNACHAL PRADESH,ARUNACHAL PRADESH,2011,1382611,66.95,12.3679039151
ARUNACHAL PRADESH,ARUNACHAL PRADESH,2012,1411075.3,68.215,14.1735880431
ARUNACHAL PRADESH,ARUNACHAL PRADESH,2013,1439539.6,69.48,19.8674631806
ARUNACHAL PRADESH,ARUNACHAL PRADESH,2014,1468003.9,70.745,23.2288211223
ARUNACHAL PRADESH,ARUNACHAL PRADESH,2015,1496468.2,72.01,24.591234214
NAGALAND,NAGALAND,2001,1990036,66.6,1.4572600697
NAGALAND,NAGALAND,2002,1989092.6,67.951,1.1060319665
NAGALAND,NAGALAND,2003,1988149.2,69.302,1.2071528636
NAGALAND,NAGALAND,2004,1987205.8,70.653,1.3083697723
NAGALAND,NAGALAND,2005,1986262.4,72.004,1.6614119061
NAGALAND,NAGALAND,2006,1985319,73.355,1.7125711284
NAGALAND,NAGALAND,2007,1984375.6,74.706,1.4110231954
NAGALAND,NAGALAND,2008,1983432.2,76.057,2.3192121213
NAGALAND,NAGALAND,2009,1982488.8,77.408,2.168990816
NAGALAND,NAGALAND,2010,1981545.4,78.759,1.9681608102
NAGALAND,NAGALAND,2011,1980602,80.11,1.8176291855
NAGALAND,NAGALAND,2012,1979658.6,81.461,2.3741467342
NAGALAND,NAGALAND,2013,1978715.2,82.812,3.3354977007
NAGALAND,NAGALAND,2014,1977771.8,84.163,3.1854028862
NAGALAND,NAGALAND,2015,1976828.4,85.514,4.3504028979
MANIPUR,MANIPUR,2001,2166788,70.5,4.9843362618
MANIPUR,MANIPUR,2002,2222284.8,71.435,7.3797921851
MANIPUR,MANIPUR,2003,2277781.6,72.37,6.0146240535
MANIPUR,MANIPUR,2004,2333278.4,73.305,5.7429923493
MANIPUR,MANIPUR,2005,2388775.2,74.24,5.8188815758
MANIPUR,MANIPUR,2006,2444272,75.175,6.9959480778
MANIPUR,MANIPUR,2007,2499768.8,76.11,7.5206955139
MANIPUR,MANIPUR,2008,2555265.6,77.045,8.2574586376
MANIPUR,MANIPUR,2009,2610762.4,77.98,7.4307796068
MANIPUR,MANIPUR,2010,2666259.2,78.915,7.1260888664
MANIPUR,MANIPUR,2011,2721756,79.85,9.0750236245
MANIPUR,MANIPUR,2012,2777252.8,80.785,10.4059666444
MANIPUR,MANIPUR,2013,2832749.6,81.72,10.0608963108
MANIPUR,MANIPUR,2014,2888246.4,82.655,11.6333564893
MANIPUR,MANIPUR,2015,2943743.2,83.59,9.002143937
MIZORAM,MIZORAM,2001,888573,88.8,13.9549592436
MIZORAM,MIZORAM,2002,908817.1,89.078,16.9451036958
MIZORAM,MIZORAM,2003,929061.2,89.356,15.8224237542
MIZORAM,MIZORAM,2004,949305.3,89.634,9.0592562793
MIZORAM,MIZORAM,2005,969549.4,89.912,9.6952254315
MIZORAM,MIZORAM,2006,989793.5,90.19,12.6288968356
MIZORAM,MIZORAM,2007,1010037.6,90.468,14.9499384973
MIZORAM,MIZORAM,2008,1030281.7,90.746,15.6267941088
MIZORAM,MIZORAM,2009,1050525.8,91.024,14.1833736972
MIZORAM,MIZORAM,2010,1070769.9,91.302,15.8764268588
MIZORAM,MIZORAM,2011,1091014,91.58,14.5735985056
MIZORAM,MIZORAM,2012,1111258.1,91.858,17.9076309995
MIZORAM,MIZORAM,2013,1131502.2,92.136,15.642921419
MIZORAM,MIZORAM,2014,1151746.3,92.414,22.3139418811
MIZORAM,MIZORAM,2015,1171990.4,92.692,12.9693895104
TRIPURA,TRIPURA,2001,3199203,73.2,13.6909098922
TRIPURA,TRIPURA,2002,3246385.9,74.655,16.5106680632
TRIPURA,TRIPURA,2003,3293568.8,76.11,16.3045022773
TRIPURA,TRIPURA,2004,3340751.7,77.565,20.0553665811
TRIPURA,TRIPURA,2005,3387934.6,79.02,24.7938670363
TRIPURA,TRIPURA,2006,3435117.5,80.475,28.0630866339
TRIPURA,TRIPURA,2007,3482300.4,81.93,30.6406650041
TRIPURA,TRIPURA,2008,3529483.3,83.385,40.0908540919
TRIPURA,TRIPURA,2009,3576666.2,84.84,42.3578806432
TRIPURA,TRIPURA,2010,3623849.1,86.295,46.2491663905
TRIPURA,TRIPURA,2011,3671032,87.75,36.9378420019
TRIPURA,TRIPURA,2012,3718214.9,89.205,41.9287223017
TRIPURA,TRIPURA,2013,3765397.8,90.66,43.2092460457
TRIPURA,TRIPURA,2014,3812580.7,92.115,41.4155167916
TRIPURA,TRIPURA,2015,3859763.6,93.57,31.6081534113
MEGHALAYA,MEGHALAYA,2001,2318822,62.6,2.8462728058
MEGHALAYA,MEGHALAYA,2002,2383340.5,63.888,2.9790120212
MEGHALAYA,MEGHALAYA,2003,2447859,65.176,2.7779377816
MEGHALAYA,MEGHALAYA,2004,2512377.5,66.464,4.4977317302
MEGHALAYA,MEGHALAYA,2005,2576896,67.752,5.0448291278
MEGHALAYA,MEGHALAYA,2006,2641414.5,69.04,6.6252381063
MEGHALAYA,MEGHALAYA,2007,2705933,70.328,6.3194469338
MEGHALAYA,MEGHALAYA,2008,2770451.5,71.616,7.3995159273
MEGHALAYA,MEGHALAYA,2009,2834970,72.904,8.3246030822
MEGHALAYA,MEGHALAYA,2010,2899488.5,74.192,8.8981211686
MEGHALAYA,MEGHALAYA,2011,2964007,75.48,9.0080758919
MEGHALAYA,MEGHALAYA,2012,3028525.5,76.768,8.1888034293
MEGHALAYA,MEGHALAYA,2013,3093044,78.056,10.9600768693
MEGHALAYA,MEGHALAYA,2014,3157562.5,79.344,11.337859504
MEGHALAYA,MEGHALAYA,2015,3222081,80.632,9.6521471682
ASSAM,ASSAM,2001,26655528,63.3,15.1863433356
ASSAM,ASSAM,2002,27106902.4,64.288,18.4491755133
ASSAM,ASSAM,2003,27558276.8,65.276,18.8618469788
ASSAM,ASSAM,2004,28009651.2,66.264,20.1216357882
ASSAM,ASSAM,2005,28461025.6,67.252,20.8003748115
ASSAM,ASSAM,2006,28912400,68.24,23.315255738
ASSAM,ASSAM,2007,29363774.4,69.228,23.181624771
ASSAM,ASSAM,2008,29815148.8,70.216,27.10702554
ASSAM,ASSAM,2009,30266523.2,71.204,31.8635871596
ASSAM,ASSAM,2010,30717897.6,72.192,37.4146699415
ASSAM,ASSAM,2011,31169272,73.18,36.7733965683
ASSAM,ASSAM,2012,31620646.4,74.168,42.5987496574
ASSAM,ASSAM,2013,32072020.8,75.156,54.2217158951
ASSAM,ASSAM,2014,32523395.2,76.144,57.773796015
ASSAM,ASSAM,2015,32974769.6,77.132,68.5888037259
WEST BENGAL,WEST BENGAL,2001,80176197,68.6,8.1483036667
WEST BENGAL,WEST BENGAL,2002,81293350.9,69.448,8.3573870738
WEST BENGAL,WEST BENGAL,2003,82410504.8,70.296,10.1176421868
WEST BENGAL,WEST BENGAL,2004,83527658.7,71.144,13.0076673632
WEST BENGAL,WEST BENGAL,2005,84644812.6,71.992,13.9335177641
WEST BENGAL,WEST BENGAL,2006,85761966.5,72.84,14.796768915
WEST BENGAL,WEST BENGAL,2007,86879120.4,73.688,18.9136353181
WEST BENGAL,WEST BENGAL,2008,87996274.3,74.536,23.6134997365
WEST BENGAL,WEST BENGAL,2009,89113428.2,75.384,26.0297471083
WEST BENGAL,WEST BENGAL,2010,90230582.1,76.232,28.8305798262
WEST BENGAL,WEST BENGAL,2011,91347736,77.08,31.6581464044
WEST BENGAL,WEST BENGAL,2012,92464889.9,77.928,33.0774200165
WEST BENGAL,WEST BENGAL,2013,93582043.8,78.776,31.6417539066
WEST BENGAL,WEST BENGAL,2014,94699197.7,79.624,42.0045797283
WEST BENGAL,WEST BENGAL,2015,95816351.6,80.472,32.6937933629
JHARKHAND,JHARKHAND,2001,26945829,53.6,6.8693377368
JHARKHAND,JHARKHAND,2002,27547869.9,55.003,8.3055423461
JHARKHAND,JHARKHAND,2003,28149910.8,56.406,7.8899006671
JHARKHAND,JHARKHAND,2004,28751951.7,57.809,7.957720658
JHARKHAND,JHARKHAND,2005,29353992.6,59.212,7.5492285843
JHARKHAND,JHARKHAND,2006,29956033.5,60.615,8.749489481
JHARKHAND,JHARKHAND,2007,30558074.4,62.018,9.3265038978
JHARKHAND,JHARKHAND,2008,31160115.3,63.421,8.7932922379
JHARKHAND,JHARKHAND,2009,31762156.2,64.824,8.2047326497
JHARKHAND,JHARKHAND,2010,32364197.1,66.227,8.2313180573
JHARKHAND,JHARKHAND,2011,32966238,67.63,8.2356985956
JHARKHAND,JHARKHAND,2012,33568278.9,69.033,10.3013920085
JHARKHAND,JHARKHAND,2013,34170319.8,70.436,14.8228053751
JHARKHAND,JHARKHAND,2014,34772360.7,71.839,12.0986896354
JHARKHAND,JHARKHAND,2015,35374401.6,73.242,13.4504042042
ODISHA,ODISHA,2001,36804660,53.6,13.3053803513
ODISHA,ODISHA,2002,37321615.8,55.585,11.6045350855
ODISHA,ODISHA,2003,37838571.6,57.57,11.9534110532
ODISHA,ODISHA,2004,38355527.4,59.555,12.2146671356
ODISHA,ODISHA,2005,38872483.2,61.54,14.8511222458
ODISHA,ODISHA,2006,39389439,63.525,13.6762546935
ODISHA,ODISHA,2007,39906394.8,65.51,14.5440349325
ODISHA,ODISHA,2008,40423350.6,67.495,17.2128235209
ODISHA,ODISHA,2009,40940306.4,69.48,17.4913199966
ODISHA,ODISHA,2010,41457262.2,71.465,18.1729318344
ODISHA,ODISHA,2011,41974218,73.45,19.8860166972
ODISHA,ODISHA,2012,42491173.8,75.435,24.6545319019
ODISHA,ODISHA,2013,43008129.6,77.42,28.2039700699
ODISHA,ODISHA,2014,43525085.4,79.405,31.9149287643
ODISHA,ODISHA,2015,44042041.2,81.39,35.8066964435
CHHATTISGARH,CHHATTISGARH,2001,20833803,64.7,19.0267710605
CHHATTISGARH,CHHATTISGARH,2002,21304442.3,65.334,16.4942125709
CHHATTISGARH,CHHATTISGARH,2003,21775081.6,65.968,15.2146387364
CHHATTISGARH,CHHATTISGARH,2004,22245720.9,66.602,16.8436888013
CHHATTISGARH,CHHATTISGARH,2005,22716360.2,67.236,15.7947838844
CHHATTISGARH,CHHATTISGARH,2006,23186999.5,67.87,16.1081644048
CHHATTISGARH,CHHATTISGARH,2007,23657638.8,68.504,15.8384360826
CHHATTISGARH,CHHATTISGARH,2008,24128278.1,69.138,16.3418209275
CHHATTISGARH,CHHATTISGARH,2009,24598917.4,69.772,16.1633129432
CHHATTISGARH,CHHATTISGARH,2010,25069556.7,70.406,16.5818648082
CHHATTISGARH,CHHATTISGARH,2011,25540196,71.04,16.3898507278
CHHATTISGARH,CHHATTISGARH,2012,26010835.3,71.674,16.1778733803
CHHATTISGARH,CHHATTISGARH,2013,26481474.6,72.308,26.4071397293
CHHATTISGARH,CHHATTISGARH,2014,26952113.9,72.942,22.7143593364
CHHATTISGARH,CHHATTISGARH,2015,27422753.2,73.576,20.2167884441
MADHYA PRADESH,MADHYA PRADESH,2001,60348023,63.7,24.0339273417
MADHYA PRADESH,MADHYA PRADESH,2002,61572977.2,64.393,24.7218840021
MADHYA PRADESH,MADHYA PRADESH,2003,62797931.4,65.086,23.066046408
MADHYA PRADESH,MADHYA PRADESH,2004,64022885.6,65.779,23.6477938445
MADHYA PRADESH,MADHYA PRADESH,2005,65247839.8,66.472,22.1831098844
MADHYA PRADESH,MADHYA PRADESH,2006,66472794,67.165,21.4749510905
MADHYA PRADESH,MADHYA PRADESH,2007,67697748.2,67.858,22.5989791489
MADHYA PRADESH,MADHYA PRADESH,2008,68922702.4,68.551,21.5690904192
MADHYA PRADESH,MADHYA PRADESH,2009,70147656.6,69.244,22.404169664
MADHYA PRADESH,MADHYA PRADESH,2010,71372610.8,69.937,22.9527823298
MADHYA PRADESH,MADHYA PRADESH,2011,72597565,70.63,22.7404321343
MADHYA PRADESH,MADHYA PRADESH,2012,73822519.2,71.323,22.6462063083
MADHYA PRADESH,MADHYA PRADESH,2013,75047473.4,72.016,29.2708055379
MADHYA PRADESH,MADHYA PRADESH,2014,76272427.6,72.709,36.6921584649
MADHYA PRADESH,MADHYA PRADESH,2015,77497381.8,73.402,30.0939198955
GUJARAT,GUJARAT,2001,50671017,69.1,11.3358687867
GUJARAT,GUJARAT,2002,51642278.1,70.121,10.2842093637
GUJARAT,GUJARAT,2003,52613539.2,71.142,10.7329787843
GUJARAT,GUJARAT,2004,53584800.3,72.163,11.5293888666
GUJARAT,GUJARAT,2005,54556061.4,73.184,11.5184268049
GUJARAT,GUJARAT,2006,55527322.5,74.205,12.966589556
GUJARAT,GUJARAT,2007,56498583.6,75.226,14.5419574731
GUJARAT,GUJARAT,2008,57469844.7,76.247,14.9017281058
GUJARAT,GUJARAT,2009,58441105.8,77.268,13.6308166845
GUJARAT,GUJARAT,2010,59412366.9,78.289,13.6251094215
GUJARAT,GUJARAT,2011,60383628,79.31,14.4757781033
GUJARAT,GUJARAT,2012,61354889.1,80.331,15.5113963037
GUJARAT,GUJARAT,2013,62326150.2,81.352,19.4509045739
GUJARAT,GUJARAT,2014,63297411.3,82.373,16.6942056286
GUJARAT,GUJARAT,2015,64268672.4,83.394,11.5981857438
DAMAN AND DIU,DAMAN AND DIU,2001,158204,78.2,4.4246668858
DAMAN AND DIU,DAMAN AND DIU,2002,166674.7,79.087,2.999855407
DAMAN AND DIU,DAMAN AND DIU,2003,175145.4,79.974,5.7095419006
DAMAN AND DIU,DAMAN AND DIU,2004,183616.1,80.861,3.2676873106
DAMAN AND DIU,DAMAN AND DIU,2005,192086.8,81.748,4.685381817
DAMAN AND DIU,DAMAN AND DIU,2006,200557.5,82.635,3.9888809942
DAMAN AND DIU,DAMAN AND DIU,2007,209028.2,83.522,2.8704260956
DAMAN AND DIU,DAMAN AND DIU,2008,217498.9,84.409,4.1379519621
DAMAN AND DIU,DAMAN AND DIU,2009,225969.6,85.296,3.9828366294
DAMAN AND DIU,DAMAN AND DIU,2010,234440.3,86.183,3.412382598
DAMAN AND DIU,DAMAN AND DIU,2011,242911,87.07,2.0583670563
DAMAN AND DIU,DAMAN AND DIU,2012,251381.7,87.957,3.1824114484
DAMAN AND DIU,DAMAN AND DIU,2013,259852.4,88.844,6.927009333
DAMAN AND DIU,DAMAN AND DIU,2014,268323.1,89.731,2.6087951429
DAMAN AND DIU,DAMAN AND DIU,2015,276793.8,90.618,10.1158335194
DADRA NAGAR HAVELI,DADRA NAGAR HAVELI,2001,220490,57.6,8.6171708468
DADRA NAGAR HAVELI,DADRA NAGAR HAVELI,2002,232726.3,59.605,6.4453394395
DADRA NAGAR HAVELI,DADRA NAGAR HAVELI,2003,244962.6,61.61,4.4904814041
DADRA NAGAR HAVELI,DADRA NAGAR HAVELI,2004,257198.9,63.615,8.5536913261
DADRA NAGAR HAVELI,DADRA NAGAR HAVELI,2005,269435.2,65.62,8.9075221055
DADRA NAGAR HAVELI,DADRA NAGAR HAVELI,2006,281671.5,67.625,11.3607517978
DADRA NAGAR HAVELI,DADRA NAGAR HAVELI,2007,293907.8,69.63,5.4438841024
DADRA NAGAR HAVELI,DADRA NAGAR HAVELI,2008,306144.1,71.635,8.1660891064
DADRA NAGAR HAVELI,DADRA NAGAR HAVELI,2009,318380.4,73.64,5.9677040421
DADRA NAGAR HAVELI,DADRA NAGAR HAVELI,2010,330616.7,75.645,8.7714867398
DADRA NAGAR HAVELI,DADRA NAGAR HAVELI,2011,342853,77.65,4.9583932473
DADRA NAGAR HAVELI,DADRA NAGAR HAVELI,2012,355089.3,79.655,3.9426701959
DADRA NAGAR HAVELI,DADRA NAGAR HAVELI,2013,367325.6,81.66,3.8113325072
DADRA NAGAR HAVELI,DADRA NAGAR HAVELI,2014,379561.9,83.665,3.6884629358
DADRA NAGAR HAVELI,DADRA NAGAR HAVELI,2015,391798.2,85.67,3.5732680753
MAHARASHTRA,MAHARASHTRA,2001,96878627,76.9,12.6498489703
MAHARASHTRA,MAHARASHTRA,2002,98428061.5,77.501,11.2904793924
MAHARASHTRA,MAHARASHTRA,2003,99977496,78.102,11.0594888274
MAHARASHTRA,MAHARASHTRA,2004,101526930.5,78.703,11.6501109033
MAHARASHTRA,MAHARASHTRA,2005,103076365,79.304,12.7255166594
MAHARASHTRA,MAHARASHTRA,2006,104625799.5,79.905,13.3905786784
MAHARASHTRA,MAHARASHTRA,2007,106175234,80.506,13.7084699055
MAHARASHTRA,MAHARASHTRA,2008,107724668.5,81.107,14.3746090989
MAHARASHTRA,MAHARASHTRA,2009,109274103,81.708,13.4762030488
MAHARASHTRA,MAHARASHTRA,2010,110823537.5,82.309,13.887843997
MAHARASHTRA,MAHARASHTRA,2011,112372972,82.91,13.6091443768
MAHARASHTRA,MAHARASHTRA,2012,113922406.5,83.511,14.002513193
MAHARASHTRA,MAHARASHTRA,2013,115471841,84.112,21.2718527628
MAHARASHTRA,MAHARASHTRA,2014,117021275.5,84.713,21.7456183854
MAHARASHTRA,MAHARASHTRA,2015,118570710,85.314,25.2844905795
ANDHRA PRADESH,ANDHRA PRADESH,2001,76210007,60.5,17.9359647612
ANDHRA PRADESH,ANDHRA PRADESH,2002,77055559.6,61.216,19.6559470577
ANDHRA PRADESH,ANDHRA PRADESH,2003,77901112.2,61.932,21.7313970519
ANDHRA PRADESH,ANDHRA PRADESH,2004,78746664.8,62.648,21.6834580148
ANDHRA PRADESH,ANDHRA PRADESH,2005,79592217.4,63.364,21.5787429488
ANDHRA PRADESH,ANDHRA PRADESH,2006,80437770,64.08,23.6282035168
ANDHRA PRADESH,ANDHRA PRADESH,2007,81283322.6,64.796,27.4398231846
ANDHRA PRADESH,ANDHRA PRADESH,2008,82128875.2,65.512,26.5387781665
ANDHRA PRADESH,ANDHRA PRADESH,2009,82974427.8,66.228,27.9893463755
ANDHRA PRADESH,ANDHRA PRADESH,2010,83819980.4,66.944,29.5359171905
ANDHRA PRADESH,ANDHRA PRADESH,2011,84665533,67.66,30.1610337704
ANDHRA PRADESH,ANDHRA PRADESH,2012,85511085.6,68.376,29.4312717742
ANDHRA PRADESH,ANDHRA PRADESH,2013,86356638.2,69.092,35.246856101
ANDHRA PRADESH,ANDHRA PRADESH,2014,87202190.8,69.808,32.2618041381
ANDHRA PRADESH,ANDHRA PRADESH,2015,88047743.4,70.524,33.0070923771
KARNATAKA,KARNATAKA,2001,52850562,66.6,8.1077661956
KARNATAKA,KARNATAKA,2002,53678576.2,67.5,8.1950757852
KARNATAKA,KARNATAKA,2003,54506590.4,68.4,7.5807346775
KARNATAKA,KARNATAKA,2004,55334604.6,69.3,7.076945843
KARNATAKA,KARNATAKA,2005,56162618.8,70.2,7.9323224151
KARNATAKA,KARNATAKA,2006,56990633,71.1,8.4610395536
KARNATAKA,KARNATAKA,2007,57818647.2,72,9.4087293001
KARNATAKA,KARNATAKA,2008,58646661.4,72.9,9.7993642994
KARNATAKA,KARNATAKA,2009,59474675.6,73.8,11.1274251322
KARNATAKA,KARNATAKA,2010,60302689.8,74.7,12.4173565472
KARNATAKA,KARNATAKA,2011,61130704,75.6,13.1374243621
KARNATAKA,KARNATAKA,2012,61958718.2,76.5,14.0464493986
KARNATAKA,KARNATAKA,2013,62786732.4,77.4,15.9141901769
KARNATAKA,KARNATAKA,2014,63614746.6,78.3,18.1593115078
KARNATAKA,KARNATAKA,2015,64442760.8,79.2,16.2190444206
GOA,GOA,2001,1347668,82,4.0811238376
GOA,GOA,2002,1358673.5,82.54,3.7536611997
GOA,GOA,2003,1369679,83.08,7.0089415111
GOA,GOA,2004,1380684.5,83.62,7.5324956571
GOA,GOA,2005,1391690,84.16,5.9639718616
GOA,GOA,2006,1402695.5,84.7,4.9903917137
GOA,GOA,2007,1413701,85.24,4.9515420871
GOA,GOA,2008,1424706.5,85.78,8.1420278492
GOA,GOA,2009,1435712,86.32,9.7512593055
GOA,GOA,2010,1446717.5,86.86,8.571127397
GOA,GOA,2011,1457723,87.4,7.2716147032
GOA,GOA,2012,1468728.5,87.94,10.8937764876
GOA,GOA,2013,1479734,88.48,27.8428420243
GOA,GOA,2014,1490739.5,89.02,31.8633805571
GOA,GOA,2015,1501745,89.56,23.9055232413
LAKSHADWEEP,LAKSHADWEEP,2001,60650,86.7,0
LAKSHADWEEP,LAKSHADWEEP,2002,61027.9,87.258,3.2771896133
LAKSHADWEEP,LAKSHADWEEP,2003,61405.8,87.816,6.5140426474
LAKSHADWEEP,LAKSHADWEEP,2004,61783.7,88.374,1.6185498764
LAKSHADWEEP,LAKSHADWEEP,2005,62161.6,88.932,0
LAKSHADWEEP,LAKSHADWEEP,2006,62539.5,89.49,1.5989894387
LAKSHADWEEP,LAKSHADWEEP,2007,62917.4,90.048,7.9469272411
LAKSHADWEEP,LAKSHADWEEP,2008,63295.3,90.606,6.3195845505
LAKSHADWEEP,LAKSHADWEEP,2009,63673.2,91.164,1.570519465
LAKSHADWEEP,LAKSHADWEEP,2010,64051.1,91.722,0
LAKSHADWEEP,LAKSHADWEEP,2011,64429,92.28,0
LAKSHADWEEP,LAKSHADWEEP,2012,64806.9,92.838,3.0860911415
LAKSHADWEEP,LAKSHADWEEP,2013,65184.8,93.396,4.6022999227
LAKSHADWEEP,LAKSHADWEEP,2014,65562.7,93.954,6.1010300064
LAKSHADWEEP,LAKSHADWEEP,2015,65940.6,94.512,13.648647419
KERALA,KERALA,2001,31841374,90.9,16.5507933169
KERALA,KERALA,2002,31996004.3,91.201,17.7147119586
KERALA,KERALA,2003,32150634.6,91.502,17.0261024957
KERALA,KERALA,2004,32305264.9,91.803,19.4024101626
KERALA,KERALA,2005,32459895.2,92.104,19.793656019
KERALA,KERALA,2006,32614525.5,92.405,22.3857311675
KERALA,KERALA,2007,32769155.8,92.706,23.1955929728
KERALA,KERALA,2008,32923786.1,93.007,24.013034151
KERALA,KERALA,2009,33078416.4,93.308,23.2870881933
KERALA,KERALA,2010,33233046.7,93.609,27.4124731393
KERALA,KERALA,2011,33387677,93.91,33.1679259986
KERALA,KERALA,2012,33542307.3,94.211,31.9417501729
KERALA,KERALA,2013,33696937.6,94.512,32.6824951594
KERALA,KERALA,2014,33851567.9,94.813,32.6750005574
KERALA,KERALA,2015,34006198.2,95.114,27.5773255947
TAMIL NADU,TAMIL NADU,2001,62405679,73.5,7.7476923214
TAMIL NADU,TAMIL NADU,2002,63379006.9,74.183,9.6845947897
TAMIL NADU,TAMIL NADU,2003,64352334.8,74.866,9.1185502721
TAMIL NADU,TAMIL NADU,2004,65325662.7,75.549,9.05310372
TAMIL NADU,TAMIL NADU,2005,66298990.6,76.232,8.5189833946
TAMIL NADU,TAMIL NADU,2006,67272318.5,76.915,6.8988257035
TAMIL NADU,TAMIL NADU,2007,68245646.4,77.598,9.1126692002
TAMIL NADU,TAMIL NADU,2008,69218974.3,78.281,9.0538758532
TAMIL NADU,TAMIL NADU,2009,70192302.2,78.964,7.302795092
TAMIL NADU,TAMIL NADU,2010,71165630.1,79.647,8.3298637161
TAMIL NADU,TAMIL NADU,2011,72138958,80.33,8.7539384752
TAMIL NADU,TAMIL NADU,2012,73112285.9,81.013,8.7276713092
TAMIL NADU,TAMIL NADU,2013,74085613.8,81.696,8.9248096369
TAMIL NADU,TAMIL NADU,2014,75058941.7,82.379,7.3089226623
TAMIL NADU,TAMIL NADU,2015,76032269.6,83.062,6.4498929544
PUDUCHERRY,PUDUCHERRY,2001,974345,81.2,8.0053779719
PUDUCHERRY,PUDUCHERRY,2002,1001356.9,81.735,11.0849588194
PUDUCHERRY,PUDUCHERRY,2003,1028368.8,82.27,10.0158620137
PUDUCHERRY,PUDUCHERRY,2004,1055380.7,82.805,9.4752538113
PUDUCHERRY,PUDUCHERRY,2005,1082392.6,83.34,9.7007315091
PUDUCHERRY,PUDUCHERRY,2006,1109404.5,83.875,12.5292442928
PUDUCHERRY,PUDUCHERRY,2007,1136416.4,84.41,14.3433340103
PUDUCHERRY,PUDUCHERRY,2008,1163428.3,84.945,10.0564856468
PUDUCHERRY,PUDUCHERRY,2009,1190440.2,85.48,7.8122361795
PUDUCHERRY,PUDUCHERRY,2010,1217452.1,86.015,7.6389042329
PUDUCHERRY,PUDUCHERRY,2011,1244464,86.55,6.2677586495
PUDUCHERRY,PUDUCHERRY,2012,1271475.9,87.085,3.6178428549
PUDUCHERRY,PUDUCHERRY,2013,1298487.8,87.62,5.4678988898
PUDUCHERRY,PUDUCHERRY,2014,1325499.7,88.155,4.6774812548
PUDUCHERRY,PUDUCHERRY,2015,1352511.6,88.69,4.8058737537
ANDAMAN AND NICOBAR ISLANDS,ANDAMAN AND NICOBAR ISLANDS,2001,356152,81.3,9.5464857701
ANDAMAN AND NICOBAR ISLANDS,ANDAMAN AND NICOBAR ISLANDS,2002,358531.2,81.797,7.5307253595
ANDAMAN AND NICOBAR ISLANDS,ANDAMAN AND NICOBAR ISLANDS,2003,360910.4,82.294,6.0956957738
ANDAMAN AND NICOBAR ISLANDS,ANDAMAN AND NICOBAR ISLANDS,2004,363289.6,82.791,7.4320872384
ANDAMAN AND NICOBAR ISLANDS,ANDAMAN AND NICOBAR ISLANDS,2005,365668.8,83.288,6.0163732864
ANDAMAN AND NICOBAR ISLANDS,ANDAMAN AND NICOBAR ISLANDS,2006,368048,83.785,9.7813328696
ANDAMAN AND NICOBAR ISLANDS,ANDAMAN AND NICOBAR ISLANDS,2007,370427.2,84.282,14.577763188
ANDAMAN AND NICOBAR ISLANDS,ANDAMAN AND NICOBAR ISLANDS,2008,372806.4,84.779,21.4588590754
ANDAMAN AND NICOBAR ISLANDS,ANDAMAN AND NICOBAR ISLANDS,2009,375185.6,85.276,24.2546622258
ANDAMAN AND NICOBAR ISLANDS,ANDAMAN AND NICOBAR ISLANDS,2010,377564.8,85.773,21.718126266
ANDAMAN AND NICOBAR ISLANDS,ANDAMAN AND NICOBAR ISLANDS,2011,379944,86.27,12.6334407176
ANDAMAN AND NICOBAR ISLANDS,ANDAMAN AND NICOBAR ISLANDS,2012,382323.2,86.767,12.2932639191
ANDAMAN AND NICOBAR ISLANDS,ANDAMAN AND NICOBAR ISLANDS,2013,384702.4,87.264,12.2172359725
ANDAMAN AND NICOBAR ISLANDS,ANDAMAN AND NICOBAR ISLANDS,2014,387081.6,87.761,12.1421426387
ANDAMAN AND NICOBAR ISLANDS,ANDAMAN AND NICOBAR ISLANDS,2015,389460.8,88.258,34.1497783602
