continent,country,year,pop,lifeExp,gdpPercap
Lowest Crime,JAMMU AND KASHMIR,2001,10143700,55.5,16.2268205881
Low Crime,JAMMU AND KASHMIR,2002,10384222.6,56.824,19.3851776637
Low Crime,JAMMU AND KASHMIR,2003,10624745.2,58.148,20.3110753188
Low Crime,JAMMU AND KASHMIR,2004,10865267.8,59.472,20.2019871061
Low Crime,JAMMU AND KASHMIR,2005,11105790.4,60.796,19.2782316511
Low Crime,JAMMU AND KASHMIR,2006,11346313,62.12,21.3725815602
Low Crime,JAMMU AND KASHMIR,2007,11586835.6,63.444,21.7401893577
Low Crime,JAMMU AND KASHMIR,2008,11827358.2,64.768,19.3534343113
Low Crime,JAMMU AND KASHMIR,2009,12067880.8,66.092,21.6525174826
Low Crime,JAMMU AND KASHMIR,2010,12308403.4,67.416,21.1644022002
Low Crime,JAMMU AND KASHMIR,2011,12548926,68.74,25.0300304584
Low Crime,JAMMU AND KASHMIR,2012,12789448.6,70.064,25.974536541
Low Crime,JAMMU AND KASHMIR,2013,13029971.2,71.388,26.8995222338
Low Crime,JAMMU AND KASHMIR,2014,13270493.8,72.712,24.6712748549
Low Crime,JAMMU AND KASHMIR,2015,13511016.4,74.036,24.3579010088
Lowest Crime,HIMACHAL PRADESH,2001,6077900,76.5,14.4786850721
Lowest Crime,HIMACHAL PRADESH,2002,6155760.9,77.228,13.4995496657
Lowest Crime,HIMACHAL PRADESH,2003,6233621.8,77.956,11.5021414998
Lowest Crime,HIMACHAL PRADESH,2004,6311482.7,78.684,12.865439685
Lowest Crime,HIMACHAL PRADESH,2005,6389343.6,79.412,12.3330352745
Lowest Crime,HIMACHAL PRADESH,2006,6467204.5,80.14,12.2154788827
Lowest Crime,HIMACHAL PRADESH,2007,6545065.4,80.868,15.492587744
Lowest Crime,HIMACHAL PRADESH,2008,6622926.3,81.596,14.7366882219
Lowest Crime,HIMACHAL PRADESH,2009,6700787.2,82.324,14.1028206358
Lowest Crime,HIMACHAL PRADESH,2010,6778648.1,83.052,15.1505135663
Lowest Crime,HIMACHAL PRADESH,2011,6856509,83.78,14.5117580973
Lowest Crime,HIMACHAL PRADESH,2012,6934369.9,84.508,13.065354359
Low Crime,HIMACHAL PRADESH,2013,7012230.8,85.236,20.9918931932
Low Crime,HIMACHAL PRADESH,2014,7090091.7,85.964,20.2254083681
Lowest Crime,HIMACHAL PRADESH,2015,7167952.6,86.692,16.7830350887
Lowest Crime,PUNJAB,2001,24358999,69.7,9.5570429639
Lowest Crime,PUNJAB,2002,24693522.7,70.398,9.1076515381
Lowest Crime,PUNJAB,2003,25028046.4,71.096,9.2576142899
Lowest Crime,PUNJAB,2004,25362570.1,71.794,7.5465538092
Lowest Crime,PUNJAB,2005,25697093.8,72.492,7.41718116
Lowest Crime,PUNJAB,2006,26031617.5,73.19,8.3244923217
Lowest Crime,PUNJAB,2007,26366141.2,73.888,10.0242200023
Lowest Crime,PUNJAB,2008,26700664.9,74.586,9.6626807222
Lowest Crime,PUNJAB,2009,27035188.6,75.284,9.480237175
Lowest Crime,PUNJAB,2010,27369712.3,75.982,10.2047108475
Lowest Crime,PUNJAB,2011,27704236,76.68,9.3415317427
Lowest Crime,PUNJAB,2012,28038759.7,77.378,11.2380149255
Lowest Crime,PUNJAB,2013,28373283.4,78.076,17.1076428892
Lowest Crime,PUNJAB,2014,28707807.1,78.774,17.681601323
Lowest Crime,PUNJAB,2015,29042330.8,79.472,17.0681893066
Lowest Crime,CHANDIGARH,2001,900635,81.9,16.2107846131
Low Crime,CHANDIGARH,2002,916040.1,82.353,20.3047879673
Lowest Crime,CHANDIGARH,2003,931445.2,82.806,16.6408072101
Lowest Crime,CHANDIGARH,2004,946850.3,83.259,18.9047835756
Low Crime,CHANDIGARH,2005,962255.4,83.712,20.3688126874
Low Crime,CHANDIGARH,2006,977660.5,84.165,22.604984041
Low Crime,CHANDIGARH,2007,993065.6,84.618,22.5564152056
Lowest Crime,CHANDIGARH,2008,1008470.7,85.071,13.3866060759
Lowest Crime,CHANDIGARH,2009,1023875.8,85.524,14.2595420265
Lowest Crime,CHANDIGARH,2010,1039280.9,85.977,13.2784120251
Lowest Crime,CHANDIGARH,2011,1054686,86.43,14.6015022481
Low Crime,CHANDIGARH,2012,1070091.1,86.883,22.5214470058
Lowest Crime,CHANDIGARH,2013,1085496.2,87.336,44.3115323665
Lowest Crime,CHANDIGARH,2014,1100901.3,87.789,38.5138976582
Lowest Crime,CHANDIGARH,2015,1116306.4,88.242,40.6698376001
Lowest Crime,UTTARAKHAND,2001,8489349,71.6,8.7639228874
Lowest Crime,UTTARAKHAND,2002,8652089.3,72.403,10.0438168154
Lowest Crime,UTTARAKHAND,2003,8814829.6,73.206,10.0398991264
Lowest Crime,UTTARAKHAND,2004,8977569.9,74.009,10.9383720866
Lowest Crime,UTTARAKHAND,2005,9140310.2,74.812,8.555508324
Lowest Crime,UTTARAKHAND,2006,9303050.5,75.615,11.1146338505
Lowest Crime,UTTARAKHAND,2007,9465790.8,76.418,11.4728924709
Lowest Crime,UTTARAKHAND,2008,9628531.1,77.221,11.9228986029
Lowest Crime,UTTARAKHAND,2009,9791271.4,78.024,12.0617635009
Lowest Crime,UTTARAKHAND,2010,9954011.7,78.827,10.7393886226
Lowest Crime,UTTARAKHAND,2011,10116752,79.63,9.7857494184
Lowest Crime,UTTARAKHAND,2012,10279492.3,80.433,10.2631527824
Lowest Crime,UTTARAKHAND,2013,10442232.6,81.236,16.3375023843
Low Crime,UTTARAKHAND,2014,10604972.9,82.039,11.6077618642
Lowest Crime,UTTARAKHAND,2015,10767713.2,82.842,13.1132764569
Lowest Crime,HARYANA,2001,21144564,67.9,15.9473612225
Lowest Crime,HARYANA,2002,21565415.7,68.774,20.1711854782
Low Crime,HARYANA,2003,21986267.4,69.648,18.6934868262
Low Crime,HARYANA,2004,22407119.1,70.522,18.7797457639
Low Crime,HARYANA,2005,22827970.8,71.396,17.8246241668
Low Crime,HARYANA,2006,23248822.5,72.27,19.463351316
Low Crime,HARYANA,2007,23669674.2,73.144,19.2186844718
Low Crime,HARYANA,2008,24090525.9,74.018,20.9708996017
Low Crime,HARYANA,2009,24511377.6,74.892,21.2799137002
Low Crime,HARYANA,2010,24932229.3,75.766,22.0357350877
Low Crime,HARYANA,2011,25353081,76.64,21.3977938224
Low Crime,HARYANA,2012,25773932.7,77.514,22.9767031245
Lowest Crime,HARYANA,2013,26194784.4,78.388,34.4076128376
Lowest Crime,HARYANA,2014,26615636.1,79.262,32.525993245
Low Crime,HARYANA,2015,27036487.8,80.136,33.8431532516
Low Crime,DELHI,2001,13850507,81.7,15.7972556528
Low Crime,DELHI,2002,14140779.8,82.164,15.1335359879
Low Crime,DELHI,2003,14431052.6,82.628,22.3268536905
Low Crime,DELHI,2004,14721325.4,83.092,24.0671264559
Low Crime,DELHI,2005,15011598.2,83.556,27.9117515948
Low Crime,DELHI,2006,15301871,84.02,28.8592159743
Low Crime,DELHI,2007,15592143.8,84.484,30.3037225709
Low Crime,DELHI,2008,15882416.6,84.948,24.2973100202
Low Crime,DELHI,2009,16172689.4,85.412,26.0810054263
Slightly High Crime,DELHI,2010,16462962.2,85.876,27.1822284813
Hightest Crime,DELHI,2011,16753235,86.34,30.9969984901
Hightest Crime,DELHI,2012,17043507.8,86.804,34.7346336768
Low Crime,DELHI,2013,17333780.6,87.268,74.1500097215
Low Crime,DELHI,2014,17624053.4,87.732,85.8996489423
Low Crime,DELHI,2015,17914326.2,88.196,94.9072815253
Low Crime,RAJASTHAN,2001,56507188,60.4,21.3371084755
Lowest Crime,RAJASTHAN,2002,57718570.4,61.066,20.6761877803
Low Crime,RAJASTHAN,2003,58929952.8,61.732,19.8048690784
Low Crime,RAJASTHAN,2004,60141335.2,62.398,21.5259604014
Low Crime,RAJASTHAN,2005,61352717.6,63.064,18.6316115197
Low Crime,RAJASTHAN,2006,62564100,63.73,20.2768041097
Low Crime,RAJASTHAN,2007,63775482.4,64.396,22.0241376018
Low Crime,RAJASTHAN,2008,64986864.8,65.062,22.018295611
Low Crime,RAJASTHAN,2009,66198247.2,65.728,25.8994772901
Low Crime,RAJASTHAN,2010,67409629.6,66.394,26.7276353644
Lowest Crime,RAJASTHAN,2011,68621012,67.06,28.7098651358
Lowest Crime,RAJASTHAN,2012,69832394.4,67.726,29.9373953587
Lowest Crime,RAJASTHAN,2013,71043776.8,68.392,39.0379020503
Lowest Crime,RAJASTHAN,2014,72255159.2,69.058,42.2253584904
Lowest Crime,RAJASTHAN,2015,73466541.6,69.724,37.4034212058
Lowest Crime,UTTAR PRADESH,2001,166197921,56.3,11.9484045772
Lowest Crime,UTTAR PRADESH,2002,169536276.6,57.642,9.0346445653
Lowest Crime,UTTAR PRADESH,2003,172874632.2,58.984,7.1878677871
Lowest Crime,UTTAR PRADESH,2004,176212987.8,60.326,8.4919960707
Lowest Crime,UTTAR PRADESH,2005,179551343.4,61.668,7.9409041058
Lowest Crime,UTTAR PRADESH,2006,182889699,63.01,8.5718332338
Lowest Crime,UTTAR PRADESH,2007,186228054.6,64.352,10.8152340652
Lowest Crime,UTTAR PRADESH,2008,189566410.2,65.694,12.2321248662
Lowest Crime,UTTAR PRADESH,2009,192904765.8,67.036,11.8923966989
Lowest Crime,UTTAR PRADESH,2010,196243121.4,68.378,10.2067271745
Lowest Crime,UTTAR PRADESH,2011,199581477,69.72,11.2575577342
Lowest Crime,UTTAR PRADESH,2012,202919832.6,71.062,11.3507879959
Lowest Crime,UTTAR PRADESH,2013,206258188.2,72.404,15.1417018992
Lowest Crime,UTTAR PRADESH,2014,209596543.8,73.746,17.0169790748
Lowest Crime,UTTAR PRADESH,2015,212934899.4,75.088,15.0520182884
Lowest Crime,BIHAR,2001,82998509,47,5.408530893
Lowest Crime,BIHAR,2002,85079121.8,48.682,5.821639781
Lowest Crime,BIHAR,2003,87159734.6,50.364,5.9477005337
Lowest Crime,BIHAR,2004,89240347.4,52.046,7.6725384868
Lowest Crime,BIHAR,2005,91320960.2,53.728,5.6963921411
Lowest Crime,BIHAR,2006,93401573,55.41,6.2290171494
Lowest Crime,BIHAR,2007,95482185.8,57.092,6.8525871556
Lowest Crime,BIHAR,2008,97562798.6,58.774,7.5182345169
Lowest Crime,BIHAR,2009,99643411.4,60.456,7.537879218
Lowest Crime,BIHAR,2010,101724024.2,62.138,7.3237370018
Lowest Crime,BIHAR,2011,103804637,63.82,8.4919135164
Lowest Crime,BIHAR,2012,105885249.8,65.502,9.2893014075
Lowest Crime,BIHAR,2013,107965862.6,67.184,10.7923001951
Lowest Crime,BIHAR,2014,110046475.4,68.866,11.4069986834
Lowest Crime,BIHAR,2015,112127088.2,70.548,10.2018166918
Lowest Crime,SIKKIM,2001,540851,68.8,4.4374513498
Lowest Crime,SIKKIM,2002,547534.7,70.14,5.1138311417
Lowest Crime,SIKKIM,2003,554218.4,71.48,6.4956342121
Lowest Crime,SIKKIM,2004,560902.1,72.82,8.5576431252
Lowest Crime,SIKKIM,2005,567585.8,74.16,10.9234586207
Lowest Crime,SIKKIM,2006,574269.5,75.5,8.1843106764
Lowest Crime,SIKKIM,2007,580953.2,76.84,9.1229379578
Lowest Crime,SIKKIM,2008,587636.9,78.18,8.1683093761
Lowest Crime,SIKKIM,2009,594320.6,79.52,6.7303741449
Lowest Crime,SIKKIM,2010,601004.3,80.86,6.4891382641
Lowest Crime,SIKKIM,2011,607688,82.2,8.8861389397
Lowest Crime,SIKKIM,2012,614371.7,83.54,11.0682181487
Lowest Crime,SIKKIM,2013,621055.4,84.88,14.9745095204
Lowest Crime,SIKKIM,2014,627739.1,86.22,16.0894868585
Lowest Crime,SIKKIM,2015,634422.8,87.56,8.1964267362
Lowest Crime,ARUNACHAL PRADESH,2001,1097968,54.3,16.3939204057
Lowest Crime,ARUNACHAL PRADESH,2002,1126432.3,55.565,14.1153622814
Lowest Crime,ARUNACHAL PRADESH,2003,1154896.6,56.83,12.0357095172
Lowest Crime,ARUNACHAL PRADESH,2004,1183360.9,58.095,12.5067508991
Lowest Crime,ARUNACHAL PRADESH,2005,1211825.2,59.36,12.378022837
Lowest Crime,ARUNACHAL PRADESH,2006,1240289.5,60.625,13.5452247237
Lowest Crime,ARUNACHAL PRADESH,2007,1268753.8,61.89,14.5812371163
Low Crime,ARUNACHAL PRADESH,2008,1297218.1,63.155,13.4904068946
Low Crime,ARUNACHAL PRADESH,2009,1325682.4,64.42,12.3709871987
Low Crime,ARUNACHAL PRADESH,2010,1354146.7,65.685,14.0309761121
Lowest Crime,ARUNACHAL PRADESH,2011,1382611,66.95,12.3679039151
Lowest Crime,ARUNACHAL PRADESH,2012,1411075.3,68.215,14.1735880431
Lowest Crime,ARUNACHAL PRADESH,2013,1439539.6,69.48,19.8674631806
Lowest Crime,ARUNACHAL PRADESH,2014,1468003.9,70.745,23.2288211223
Lowest Crime,ARUNACHAL PRADESH,2015,1496468.2,72.01,24.591234214
Lowest Crime,NAGALAND,2001,1990036,66.6,1.4572600697
Lowest Crime,NAGALAND,2002,1989092.6,67.951,1.1060319665
Lowest Crime,NAGALAND,2003,1988149.2,69.302,1.2071528636
Lowest Crime,NAGALAND,2004,1987205.8,70.653,1.3083697723
Lowest Crime,NAGALAND,2005,1986262.4,72.004,1.6614119061
Lowest Crime,NAGALAND,2006,1985319,73.355,1.7125711284
Lowest Crime,NAGALAND,2007,1984375.6,74.706,1.4110231954
Lowest Crime,NAGALAND,2008,1983432.2,76.057,2.3192121213
Lowest Crime,NAGALAND,2009,1982488.8,77.408,2.168990816
Lowest Crime,NAGALAND,2010,1981545.4,78.759,1.9681608102
Lowest Crime,NAGALAND,2011,1980602,80.11,1.8176291855
Lowest Crime,NAGALAND,2012,1979658.6,81.461,2.3741467342
Lowest Crime,NAGALAND,2013,1978715.2,82.812,3.3354977007
Lowest Crime,NAGALAND,2014,1977771.8,84.163,3.1854028862
Lowest Crime,NAGALAND,2015,1976828.4,85.514,4.3504028979
Lowest Crime,MANIPUR,2001,2166788,70.5,4.9843362618
Lowest Crime,MANIPUR,2002,2222284.8,71.435,7.3797921851
Lowest Crime,MANIPUR,2003,2277781.6,72.37,6.0146240535
Lowest Crime,MANIPUR,2004,2333278.4,73.305,5.7429923493
Lowest Crime,MANIPUR,2005,2388775.2,74.24,5.8188815758
Lowest Crime,MANIPUR,2006,2444272,75.175,6.9959480778
Lowest Crime,MANIPUR,2007,2499768.8,76.11,7.5206955139
Lowest Crime,MANIPUR,2008,2555265.6,77.045,8.2574586376
Lowest Crime,MANIPUR,2009,2610762.4,77.98,7.4307796068
Lowest Crime,MANIPUR,2010,2666259.2,78.915,7.1260888664
Lowest Crime,MANIPUR,2011,2721756,79.85,9.0750236245
Lowest Crime,MANIPUR,2012,2777252.8,80.785,10.4059666444
Lowest Crime,MANIPUR,2013,2832749.6,81.72,10.0608963108
Lowest Crime,MANIPUR,2014,2888246.4,82.655,11.6333564893
Lowest Crime,MANIPUR,2015,2943743.2,83.59,9.002143937
Lowest Crime,MIZORAM,2001,888573,88.8,13.9549592436
Lowest Crime,MIZORAM,2002,908817.1,89.078,16.9451036958
Lowest Crime,MIZORAM,2003,929061.2,89.356,15.8224237542
Lowest Crime,MIZORAM,2004,949305.3,89.634,9.0592562793
Lowest Crime,MIZORAM,2005,969549.4,89.912,9.6952254315
Lowest Crime,MIZORAM,2006,989793.5,90.19,12.6288968356
Lowest Crime,MIZORAM,2007,1010037.6,90.468,14.9499384973
Lowest Crime,MIZORAM,2008,1030281.7,90.746,15.6267941088
Low Crime,MIZORAM,2009,1050525.8,91.024,14.1833736972
Lowest Crime,MIZORAM,2010,1070769.9,91.302,15.8764268588
Lowest Crime,MIZORAM,2011,1091014,91.58,14.5735985056
Lowest Crime,MIZORAM,2012,1111258.1,91.858,17.9076309995
Lowest Crime,MIZORAM,2013,1131502.2,92.136,15.642921419
Low Crime,MIZORAM,2014,1151746.3,92.414,22.3139418811
Low Crime,MIZORAM,2015,1171990.4,92.692,12.9693895104
Low Crime,TRIPURA,2001,3199203,73.2,13.6909098922
Low Crime,TRIPURA,2002,3246385.9,74.655,16.5106680632
Low Crime,TRIPURA,2003,3293568.8,76.11,16.3045022773
Low Crime,TRIPURA,2004,3340751.7,77.565,20.0553665811
Lowest Crime,TRIPURA,2005,3387934.6,79.02,24.7938670363
Lowest Crime,TRIPURA,2006,3435117.5,80.475,28.0630866339
Lowest Crime,TRIPURA,2007,3482300.4,81.93,30.6406650041
Lowest Crime,TRIPURA,2008,3529483.3,83.385,40.0908540919
Lowest Crime,TRIPURA,2009,3576666.2,84.84,42.3578806432
Lowest Crime,TRIPURA,2010,3623849.1,86.295,46.2491663905
Lowest Crime,TRIPURA,2011,3671032,87.75,36.9378420019
Lowest Crime,TRIPURA,2012,3718214.9,89.205,41.9287223017
Lowest Crime,TRIPURA,2013,3765397.8,90.66,43.2092460457
Lowest Crime,TRIPURA,2014,3812580.7,92.115,41.4155167916
Lowest Crime,TRIPURA,2015,3859763.6,93.57,31.6081534113
Lowest Crime,MEGHALAYA,2001,2318822,62.6,2.8462728058
Lowest Crime,MEGHALAYA,2002,2383340.5,63.888,2.9790120212
Lowest Crime,MEGHALAYA,2003,2447859,65.176,2.7779377816
Lowest Crime,MEGHALAYA,2004,2512377.5,66.464,4.4977317302
Lowest Crime,MEGHALAYA,2005,2576896,67.752,5.0448291278
Lowest Crime,MEGHALAYA,2006,2641414.5,69.04,6.6252381063
Lowest Crime,MEGHALAYA,2007,2705933,70.328,6.3194469338
Low Crime,MEGHALAYA,2008,2770451.5,71.616,7.3995159273
Low Crime,MEGHALAYA,2009,2834970,72.904,8.3246030822
Low Crime,MEGHALAYA,2010,2899488.5,74.192,8.8981211686
Low Crime,MEGHALAYA,2011,2964007,75.48,9.0080758919
Low Crime,MEGHALAYA,2012,3028525.5,76.768,8.1888034293
Low Crime,MEGHALAYA,2013,3093044,78.056,10.9600768693
Low Crime,MEGHALAYA,2014,3157562.5,79.344,11.337859504
Low Crime,MEGHALAYA,2015,3222081,80.632,9.6521471682
Slightly High Crime,ASSAM,2001,26655528,63.3,15.1863433356
Slightly High Crime,ASSAM,2002,27106902.4,64.288,18.4491755133
Lowest Crime,ASSAM,2003,27558276.8,65.276,18.8618469788
Lowest Crime,ASSAM,2004,28009651.2,66.264,20.1216357882
Lowest Crime,ASSAM,2005,28461025.6,67.252,20.8003748115
Lowest Crime,ASSAM,2006,28912400,68.24,23.315255738
Lowest Crime,ASSAM,2007,29363774.4,69.228,23.181624771
Lowest Crime,ASSAM,2008,29815148.8,70.216,27.10702554
Lowest Crime,ASSAM,2009,30266523.2,71.204,31.8635871596
Low Crime,ASSAM,2010,30717897.6,72.192,37.4146699415
Low Crime,ASSAM,2011,31169272,73.18,36.7733965683
Low Crime,ASSAM,2012,31620646.4,74.168,42.5987496574
Low Crime,ASSAM,2013,32072020.8,75.156,54.2217158951
Low Crime,ASSAM,2014,32523395.2,76.144,57.773796015
Low Crime,ASSAM,2015,32974769.6,77.132,68.5888037259
Low Crime,WEST BENGAL,2001,80176197,68.6,8.1483036667
Lowest Crime,WEST BENGAL,2002,81293350.9,69.448,8.3573870738
Lowest Crime,WEST BENGAL,2003,82410504.8,70.296,10.1176421868
Lowest Crime,WEST BENGAL,2004,83527658.7,71.144,13.0076673632
Lowest Crime,WEST BENGAL,2005,84644812.6,71.992,13.9335177641
Lowest Crime,WEST BENGAL,2006,85761966.5,72.84,14.796768915
Lowest Crime,WEST BENGAL,2007,86879120.4,73.688,18.9136353181
Lowest Crime,WEST BENGAL,2008,87996274.3,74.536,23.6134997365
Lowest Crime,WEST BENGAL,2009,89113428.2,75.384,26.0297471083
Lowest Crime,WEST BENGAL,2010,90230582.1,76.232,28.8305798262
Lowest Crime,WEST BENGAL,2011,91347736,77.08,31.6581464044
Lowest Crime,WEST BENGAL,2012,92464889.9,77.928,33.0774200165
Lowest Crime,WEST BENGAL,2013,93582043.8,78.776,31.6417539066
Lowest Crime,WEST BENGAL,2014,94699197.7,79.624,42.0045797283
Lowest Crime,WEST BENGAL,2015,95816351.6,80.472,32.6937933629
Lowest Crime,JHARKHAND,2001,26945829,53.6,6.8693377368
Lowest Crime,JHARKHAND,2002,27547869.9,55.003,8.3055423461
Lowest Crime,JHARKHAND,2003,28149910.8,56.406,7.8899006671
Lowest Crime,JHARKHAND,2004,28751951.7,57.809,7.957720658
Lowest Crime,JHARKHAND,2005,29353992.6,59.212,7.5492285843
Lowest Crime,JHARKHAND,2006,29956033.5,60.615,8.749489481
Lowest Crime,JHARKHAND,2007,30558074.4,62.018,9.3265038978
Lowest Crime,JHARKHAND,2008,31160115.3,63.421,8.7932922379
Lowest Crime,JHARKHAND,2009,31762156.2,64.824,8.2047326497
Lowest Crime,JHARKHAND,2010,32364197.1,66.227,8.2313180573
Lowest Crime,JHARKHAND,2011,32966238,67.63,8.2356985956
Low Crime,JHARKHAND,2012,33568278.9,69.033,10.3013920085
Low Crime,JHARKHAND,2013,34170319.8,70.436,14.8228053751
Low Crime,JHARKHAND,2014,34772360.7,71.839,12.0986896354
Low Crime,JHARKHAND,2015,35374401.6,73.242,13.4504042042
Low Crime,ODISHA,2001,36804660,53.6,13.3053803513
Low Crime,ODISHA,2002,37321615.8,55.585,11.6045350855
Lowest Crime,ODISHA,2003,37838571.6,57.57,11.9534110532
Lowest Crime,ODISHA,2004,38355527.4,59.555,12.2146671356
Lowest Crime,ODISHA,2005,38872483.2,61.54,14.8511222458
Lowest Crime,ODISHA,2006,39389439,63.525,13.6762546935
Lowest Crime,ODISHA,2007,39906394.8,65.51,14.5440349325
Lowest Crime,ODISHA,2008,40423350.6,67.495,17.2128235209
Lowest Crime,ODISHA,2009,40940306.4,69.48,17.4913199966
Lowest Crime,ODISHA,2010,41457262.2,71.465,18.1729318344
Lowest Crime,ODISHA,2011,41974218,73.45,19.8860166972
Lowest Crime,ODISHA,2012,42491173.8,75.435,24.6545319019
Lowest Crime,ODISHA,2013,43008129.6,77.42,28.2039700699
Low Crime,ODISHA,2014,43525085.4,79.405,31.9149287643
Low Crime,ODISHA,2015,44042041.2,81.39,35.8066964435
Low Crime,CHHATTISGARH,2001,20833803,64.7,19.0267710605
Low Crime,CHHATTISGARH,2002,21304442.3,65.334,16.4942125709
Low Crime,CHHATTISGARH,2003,21775081.6,65.968,15.2146387364
Low Crime,CHHATTISGARH,2004,22245720.9,66.602,16.8436888013
Low Crime,CHHATTISGARH,2005,22716360.2,67.236,15.7947838844
Low Crime,CHHATTISGARH,2006,23186999.5,67.87,16.1081644048
Low Crime,CHHATTISGARH,2007,23657638.8,68.504,15.8384360826
Low Crime,CHHATTISGARH,2008,24128278.1,69.138,16.3418209275
Low Crime,CHHATTISGARH,2009,24598917.4,69.772,16.1633129432
Low Crime,CHHATTISGARH,2010,25069556.7,70.406,16.5818648082
Low Crime,CHHATTISGARH,2011,25540196,71.04,16.3898507278
Low Crime,CHHATTISGARH,2012,26010835.3,71.674,16.1778733803
Low Crime,CHHATTISGARH,2013,26481474.6,72.308,26.4071397293
Low Crime,CHHATTISGARH,2014,26952113.9,72.942,22.7143593364
Low Crime,CHHATTISGARH,2015,27422753.2,73.576,20.2167884441
Low Crime,MADHYA PRADESH,2001,60348023,63.7,24.0339273417
Lowest Crime,MADHYA PRADESH,2002,61572977.2,64.393,24.7218840021
Lowest Crime,MADHYA PRADESH,2003,62797931.4,65.086,23.066046408
Lowest Crime,MADHYA PRADESH,2004,64022885.6,65.779,23.6477938445
Lowest Crime,MADHYA PRADESH,2005,65247839.8,66.472,22.1831098844
Lowest Crime,MADHYA PRADESH,2006,66472794,67.165,21.4749510905
Lowest Crime,MADHYA PRADESH,2007,67697748.2,67.858,22.5989791489
Lowest Crime,MADHYA PRADESH,2008,68922702.4,68.551,21.5690904192
Lowest Crime,MADHYA PRADESH,2009,70147656.6,69.244,22.404169664
Lowest Crime,MADHYA PRADESH,2010,71372610.8,69.937,22.9527823298
Lowest Crime,MADHYA PRADESH,2011,72597565,70.63,22.7404321343
Lowest Crime,MADHYA PRADESH,2012,73822519.2,71.323,22.6462063083
Lowest Crime,MADHYA PRADESH,2013,75047473.4,72.016,29.2708055379
Low Crime,MADHYA PRADESH,2014,76272427.6,72.709,36.6921584649
Lowest Crime,MADHYA PRADESH,2015,77497381.8,73.402,30.0939198955
Lowest Crime,GUJARAT,2001,50671017,69.1,11.3358687867
Lowest Crime,GUJARAT,2002,51642278.1,70.121,10.2842093637
Lowest Crime,GUJARAT,2003,52613539.2,71.142,10.7329787843
Lowest Crime,GUJARAT,2004,53584800.3,72.163,11.5293888666
Lowest Crime,GUJARAT,2005,54556061.4,73.184,11.5184268049
Lowest Crime,GUJARAT,2006,55527322.5,74.205,12.966589556
Lowest Crime,GUJARAT,2007,56498583.6,75.226,14.5419574731
Lowest Crime,GUJARAT,2008,57469844.7,76.247,14.9017281058
Lowest Crime,GUJARAT,2009,58441105.8,77.268,13.6308166845
Lowest Crime,GUJARAT,2010,59412366.9,78.289,13.6251094215
Lowest Crime,GUJARAT,2011,60383628,79.31,14.4757781033
Lowest Crime,GUJARAT,2012,61354889.1,80.331,15.5113963037
Lowest Crime,GUJARAT,2013,62326150.2,81.352,19.4509045739
Lowest Crime,GUJARAT,2014,63297411.3,82.373,16.6942056286
Lowest Crime,GUJARAT,2015,64268672.4,83.394,11.5981857438
Lowest Crime,DAMAN AND DIU,2001,158204,78.2,4.4246668858
Lowest Crime,DAMAN AND DIU,2002,166674.7,79.087,2.999855407
Lowest Crime,DAMAN AND DIU,2003,175145.4,79.974,5.7095419006
Lowest Crime,DAMAN AND DIU,2004,183616.1,80.861,3.2676873106
Lowest Crime,DAMAN AND DIU,2005,192086.8,81.748,4.685381817
Lowest Crime,DAMAN AND DIU,2006,200557.5,82.635,3.9888809942
Lowest Crime,DAMAN AND DIU,2007,209028.2,83.522,2.8704260956
Lowest Crime,DAMAN AND DIU,2008,217498.9,84.409,4.1379519621
Lowest Crime,DAMAN AND DIU,2009,225969.6,85.296,3.9828366294
Lowest Crime,DAMAN AND DIU,2010,234440.3,86.183,3.412382598
Lowest Crime,DAMAN AND DIU,2011,242911,87.07,2.0583670563
Lowest Crime,DAMAN AND DIU,2012,251381.7,87.957,3.1824114484
Lowest Crime,DAMAN AND DIU,2013,259852.4,88.844,6.927009333
Lowest Crime,DAMAN AND DIU,2014,268323.1,89.731,2.6087951429
Lowest Crime,DAMAN AND DIU,2015,276793.8,90.618,10.1158335194
Lowest Crime,DADRA NAGAR HAVELI,2001,220490,57.6,8.6171708468
Lowest Crime,DADRA NAGAR HAVELI,2002,232726.3,59.605,6.4453394395
Lowest Crime,DADRA NAGAR HAVELI,2003,244962.6,61.61,4.4904814041
Lowest Crime,DADRA NAGAR HAVELI,2004,257198.9,63.615,8.5536913261
Lowest Crime,DADRA NAGAR HAVELI,2005,269435.2,65.62,8.9075221055
Lowest Crime,DADRA NAGAR HAVELI,2006,281671.5,67.625,11.3607517978
Lowest Crime,DADRA NAGAR HAVELI,2007,293907.8,69.63,5.4438841024
Lowest Crime,DADRA NAGAR HAVELI,2008,306144.1,71.635,8.1660891064
Lowest Crime,DADRA NAGAR HAVELI,2009,318380.4,73.64,5.9677040421
Lowest Crime,DADRA NAGAR HAVELI,2010,330616.7,75.645,8.7714867398
Lowest Crime,DADRA NAGAR HAVELI,2011,342853,77.65,4.9583932473
Lowest Crime,DADRA NAGAR HAVELI,2012,355089.3,79.655,3.9426701959
Lowest Crime,DADRA NAGAR HAVELI,2013,367325.6,81.66,3.8113325072
Low Crime,DADRA NAGAR HAVELI,2014,379561.9,83.665,3.6884629358
Low Crime,DADRA NAGAR HAVELI,2015,391798.2,85.67,3.5732680753
Low Crime,MAHARASHTRA,2001,96878627,76.9,12.6498489703
Lowest Crime,MAHARASHTRA,2002,98428061.5,77.501,11.2904793924
Low Crime,MAHARASHTRA,2003,99977496,78.102,11.0594888274
Low Crime,MAHARASHTRA,2004,101526930.5,78.703,11.6501109033
Low Crime,MAHARASHTRA,2005,103076365,79.304,12.7255166594
Low Crime,MAHARASHTRA,2006,104625799.5,79.905,13.3905786784
Low Crime,MAHARASHTRA,2007,106175234,80.506,13.7084699055
Low Crime,MAHARASHTRA,2008,107724668.5,81.107,14.3746090989
Low Crime,MAHARASHTRA,2009,109274103,81.708,13.4762030488
Low Crime,MAHARASHTRA,2010,110823537.5,82.309,13.887843997
Low Crime,MAHARASHTRA,2011,112372972,82.91,13.6091443768
Low Crime,MAHARASHTRA,2012,113922406.5,83.511,14.002513193
Low Crime,MAHARASHTRA,2013,115471841,84.112,21.2718527628
Low Crime,MAHARASHTRA,2014,117021275.5,84.713,21.7456183854
Low Crime,MAHARASHTRA,2015,118570710,85.314,25.2844905795
Low Crime,ANDHRA PRADESH,2001,76210007,60.5,17.9359647612
Lowest Crime,ANDHRA PRADESH,2002,77055559.6,61.216,19.6559470577
Lowest Crime,ANDHRA PRADESH,2003,77901112.2,61.932,21.7313970519
Lowest Crime,ANDHRA PRADESH,2004,78746664.8,62.648,21.6834580148
Lowest Crime,ANDHRA PRADESH,2005,79592217.4,63.364,21.5787429488
Lowest Crime,ANDHRA PRADESH,2006,80437770,64.08,23.6282035168
Lowest Crime,ANDHRA PRADESH,2007,81283322.6,64.796,27.4398231846
Lowest Crime,ANDHRA PRADESH,2008,82128875.2,65.512,26.5387781665
Lowest Crime,ANDHRA PRADESH,2009,82974427.8,66.228,27.9893463755
Lowest Crime,ANDHRA PRADESH,2010,83819980.4,66.944,29.5359171905
Lowest Crime,ANDHRA PRADESH,2011,84665533,67.66,30.1610337704
Lowest Crime,ANDHRA PRADESH,2012,85511085.6,68.376,29.4312717742
Lowest Crime,ANDHRA PRADESH,2013,86356638.2,69.092,35.246856101
Lowest Crime,ANDHRA PRADESH,2014,87202190.8,69.808,32.2618041381
Lowest Crime,ANDHRA PRADESH,2015,88047743.4,70.524,33.0070923771
Lowest Crime,KARNATAKA,2001,52850562,66.6,8.1077661956
Lowest Crime,KARNATAKA,2002,53678576.2,67.5,8.1950757852
Lowest Crime,KARNATAKA,2003,54506590.4,68.4,7.5807346775
Lowest Crime,KARNATAKA,2004,55334604.6,69.3,7.076945843
Lowest Crime,KARNATAKA,2005,56162618.8,70.2,7.9323224151
Lowest Crime,KARNATAKA,2006,56990633,71.1,8.4610395536
Lowest Crime,KARNATAKA,2007,57818647.2,72,9.4087293001
Lowest Crime,KARNATAKA,2008,58646661.4,72.9,9.7993642994
Lowest Crime,KARNATAKA,2009,59474675.6,73.8,11.1274251322
Lowest Crime,KARNATAKA,2010,60302689.8,74.7,12.4173565472
Lowest Crime,KARNATAKA,2011,61130704,75.6,13.1374243621
Lowest Crime,KARNATAKA,2012,61958718.2,76.5,14.0464493986
Lowest Crime,KARNATAKA,2013,62786732.4,77.4,15.9141901769
Low Crime,KARNATAKA,2014,63614746.6,78.3,18.1593115078
Low Crime,KARNATAKA,2015,64442760.8,79.2,16.2190444206
Low Crime,GOA,2001,1347668,82,4.0811238376
Lowest Crime,GOA,2002,1358673.5,82.54,3.7536611997
Lowest Crime,GOA,2003,1369679,83.08,7.0089415111
Lowest Crime,GOA,2004,1380684.5,83.62,7.5324956571
Lowest Crime,GOA,2005,1391690,84.16,5.9639718616
Lowest Crime,GOA,2006,1402695.5,84.7,4.9903917137
Lowest Crime,GOA,2007,1413701,85.24,4.9515420871
Lowest Crime,GOA,2008,1424706.5,85.78,8.1420278492
Lowest Crime,GOA,2009,1435712,86.32,9.7512593055
Lowest Crime,GOA,2010,1446717.5,86.86,8.571127397
Lowest Crime,GOA,2011,1457723,87.4,7.2716147032
Lowest Crime,GOA,2012,1468728.5,87.94,10.8937764876
Lowest Crime,GOA,2013,1479734,88.48,27.8428420243
Lowest Crime,GOA,2014,1490739.5,89.02,31.8633805571
Lowest Crime,GOA,2015,1501745,89.56,23.9055232413
Lowest Crime,LAKSHADWEEP,2001,60650,86.7,0
Lowest Crime,LAKSHADWEEP,2002,61027.9,87.258,3.2771896133
Lowest Crime,LAKSHADWEEP,2003,61405.8,87.816,6.5140426474
Lowest Crime,LAKSHADWEEP,2004,61783.7,88.374,1.6185498764
Low Crime,LAKSHADWEEP,2005,62161.6,88.932,0
Low Crime,LAKSHADWEEP,2006,62539.5,89.49,1.5989894387
Low Crime,LAKSHADWEEP,2007,62917.4,90.048,7.9469272411
Low Crime,LAKSHADWEEP,2008,63295.3,90.606,6.3195845505
Low Crime,LAKSHADWEEP,2009,63673.2,91.164,1.570519465
Low Crime,LAKSHADWEEP,2010,64051.1,91.722,0
Low Crime,LAKSHADWEEP,2011,64429,92.28,0
Low Crime,LAKSHADWEEP,2012,64806.9,92.838,3.0860911415
Low Crime,LAKSHADWEEP,2013,65184.8,93.396,4.6022999227
Low Crime,LAKSHADWEEP,2014,65562.7,93.954,6.1010300064
Low Crime,LAKSHADWEEP,2015,65940.6,94.512,13.648647419
Low Crime,KERALA,2001,31841374,90.9,16.5507933169
Lowest Crime,KERALA,2002,31996004.3,91.201,17.7147119586
Lowest Crime,KERALA,2003,32150634.6,91.502,17.0261024957
Lowest Crime,KERALA,2004,32305264.9,91.803,19.4024101626
Lowest Crime,KERALA,2005,32459895.2,92.104,19.793656019
Lowest Crime,KERALA,2006,32614525.5,92.405,22.3857311675
Lowest Crime,KERALA,2007,32769155.8,92.706,23.1955929728
Lowest Crime,KERALA,2008,32923786.1,93.007,24.013034151
Lowest Crime,KERALA,2009,33078416.4,93.308,23.2870881933
Lowest Crime,KERALA,2010,33233046.7,93.609,27.4124731393
Lowest Crime,KERALA,2011,33387677,93.91,33.1679259986
Lowest Crime,KERALA,2012,33542307.3,94.211,31.9417501729
Lowest Crime,KERALA,2013,33696937.6,94.512,32.6824951594
Lowest Crime,KERALA,2014,33851567.9,94.813,32.6750005574
Lowest Crime,KERALA,2015,34006198.2,95.114,27.5773255947
Lowest Crime,TAMIL NADU,2001,62405679,73.5,7.7476923214
Lowest Crime,TAMIL NADU,2002,63379006.9,74.183,9.6845947897
Lowest Crime,TAMIL NADU,2003,64352334.8,74.866,9.1185502721
Lowest Crime,TAMIL NADU,2004,65325662.7,75.549,9.05310372
Lowest Crime,TAMIL NADU,2005,66298990.6,76.232,8.5189833946
Lowest Crime,TAMIL NADU,2006,67272318.5,76.915,6.8988257035
Lowest Crime,TAMIL NADU,2007,68245646.4,77.598,9.1126692002
Lowest Crime,TAMIL NADU,2008,69218974.3,78.281,9.0538758532
Lowest Crime,TAMIL NADU,2009,70192302.2,78.964,7.302795092
Lowest Crime,TAMIL NADU,2010,71165630.1,79.647,8.3298637161
Lowest Crime,TAMIL NADU,2011,72138958,80.33,8.7539384752
Lowest Crime,TAMIL NADU,2012,73112285.9,81.013,8.7276713092
Lowest Crime,TAMIL NADU,2013,74085613.8,81.696,8.9248096369
Lowest Crime,TAMIL NADU,2014,75058941.7,82.379,7.3089226623
Lowest Crime,TAMIL NADU,2015,76032269.6,83.062,6.4498929544
Lowest Crime,PUDUCHERRY,2001,974345,81.2,8.0053779719
Lowest Crime,PUDUCHERRY,2002,1001356.9,81.735,11.0849588194
Lowest Crime,PUDUCHERRY,2003,1028368.8,82.27,10.0158620137
Lowest Crime,PUDUCHERRY,2004,1055380.7,82.805,9.4752538113
Lowest Crime,PUDUCHERRY,2005,1082392.6,83.34,9.7007315091
Lowest Crime,PUDUCHERRY,2006,1109404.5,83.875,12.5292442928
Lowest Crime,PUDUCHERRY,2007,1136416.4,84.41,14.3433340103
Lowest Crime,PUDUCHERRY,2008,1163428.3,84.945,10.0564856468
Low Crime,PUDUCHERRY,2009,1190440.2,85.48,7.8122361795
Low Crime,PUDUCHERRY,2010,1217452.1,86.015,7.6389042329
Low Crime,PUDUCHERRY,2011,1244464,86.55,6.2677586495
Lowest Crime,PUDUCHERRY,2012,1271475.9,87.085,3.6178428549
Lowest Crime,PUDUCHERRY,2013,1298487.8,87.62,5.4678988898
Lowest Crime,PUDUCHERRY,2014,1325499.7,88.155,4.6774812548
Lowest Crime,PUDUCHERRY,2015,1352511.6,88.69,4.8058737537
Low Crime,ANDAMAN AND NICOBAR ISLANDS,2001,356152,81.3,9.5464857701
Lowest Crime,ANDAMAN AND NICOBAR ISLANDS,2002,358531.2,81.797,7.5307253595
Lowest Crime,ANDAMAN AND NICOBAR ISLANDS,2003,360910.4,82.294,6.0956957738
Lowest Crime,ANDAMAN AND NICOBAR ISLANDS,2004,363289.6,82.791,7.4320872384
Lowest Crime,ANDAMAN AND NICOBAR ISLANDS,2005,365668.8,83.288,6.0163732864
Lowest Crime,ANDAMAN AND NICOBAR ISLANDS,2006,368048,83.785,9.7813328696
Lowest Crime,ANDAMAN AND NICOBAR ISLANDS,2007,370427.2,84.282,14.577763188
Low Crime,ANDAMAN AND NICOBAR ISLANDS,2008,372806.4,84.779,21.4588590754
Low Crime,ANDAMAN AND NICOBAR ISLANDS,2009,375185.6,85.276,24.2546622258
Low Crime,ANDAMAN AND NICOBAR ISLANDS,2010,377564.8,85.773,21.718126266
Lowest Crime,ANDAMAN AND NICOBAR ISLANDS,2011,379944,86.27,12.6334407176
Lowest Crime,ANDAMAN AND NICOBAR ISLANDS,2012,382323.2,86.767,12.2932639191
Lowest Crime,ANDAMAN AND NICOBAR ISLANDS,2013,384702.4,87.264,12.2172359725
Lowest Crime,ANDAMAN AND NICOBAR ISLANDS,2014,387081.6,87.761,12.1421426387
Low Crime,ANDAMAN AND NICOBAR ISLANDS,2015,389460.8,88.258,34.1497783602
