continent,country,year,pop,lifeExp,gdpPercap
JAMMU AND KASHMIR,JAMMU AND KASHMIR,2001,10143700,55.5,0.2760334
JAMMU AND KASHMIR,JAMMU AND KASHMIR,2002,10384222.6,56.824,0.4044597426
JAMMU AND KASHMIR,JAMMU AND KASHMIR,2003,10624745.2,58.148,0.4611875304
JAMMU AND KASHMIR,JAMMU AND KASHMIR,2004,10865267.8,59.472,0.322127357
JAMMU AND KASHMIR,JAMMU AND KASHMIR,2005,11105790.4,60.796,0.5132457749
JAMMU AND KASHMIR,JAMMU AND KASHMIR,2006,11346313,62.12,0.7491420341
JAMMU AND KASHMIR,JAMMU AND KASHMIR,2007,11586835.6,63.444,0.2243925857
JAMMU AND KASHMIR,JAMMU AND KASHMIR,2008,11827358.2,64.768,0.0845497349
JAMMU AND KASHMIR,JAMMU AND KASHMIR,2009,12067880.8,66.092,0.1491562628
JAMMU AND KASHMIR,JAMMU AND KASHMIR,2010,12308403.4,67.416,0.1381170201
JAMMU AND KASHMIR,JAMMU AND KASHMIR,2011,12548926,68.74,0.1992202361
JAMMU AND KASHMIR,JAMMU AND KASHMIR,2012,12789448.6,70.064,0.3127578151
JAMMU AND KASHMIR,JAMMU AND KASHMIR,2013,13029971.2,71.388,0.5755960535
JAMMU AND KASHMIR,JAMMU AND KASHMIR,2014,13270493.8,72.712,1.5899935841
JAMMU AND KASHMIR,JAMMU AND KASHMIR,2015,13511016.4,74.036,2.279621243
HIMACHAL PRADESH,HIMACHAL PRADESH,2001,6077900,76.5,1.3491501999
HIMACHAL PRADESH,HIMACHAL PRADESH,2002,6155760.9,77.228,1.4782900356
HIMACHAL PRADESH,HIMACHAL PRADESH,2003,6233621.8,77.956,1.7485821806
HIMACHAL PRADESH,HIMACHAL PRADESH,2004,6311482.7,78.684,1.457660654
HIMACHAL PRADESH,HIMACHAL PRADESH,2005,6389343.6,79.412,2.0502888591
HIMACHAL PRADESH,HIMACHAL PRADESH,2006,6467204.5,80.14,2.1029178836
HIMACHAL PRADESH,HIMACHAL PRADESH,2007,6545065.4,80.868,2.3070816069
HIMACHAL PRADESH,HIMACHAL PRADESH,2008,6622926.3,81.596,3.0953084892
HIMACHAL PRADESH,HIMACHAL PRADESH,2009,6700787.2,82.324,3.2981199582
HIMACHAL PRADESH,HIMACHAL PRADESH,2010,6778648.1,83.052,3.629042198
HIMACHAL PRADESH,HIMACHAL PRADESH,2011,6856509,83.78,3.8066018728
HIMACHAL PRADESH,HIMACHAL PRADESH,2012,6934369.9,84.508,3.8359649663
HIMACHAL PRADESH,HIMACHAL PRADESH,2013,7012230.8,85.236,6.1036211187
HIMACHAL PRADESH,HIMACHAL PRADESH,2014,7090091.7,85.964,6.5866567001
HIMACHAL PRADESH,HIMACHAL PRADESH,2015,7167952.6,86.692,6.654619898
PUNJAB,PUNJAB,2001,24358999,69.7,0.5049468576
PUNJAB,PUNJAB,2002,24693522.7,70.398,0.6519928402
PUNJAB,PUNJAB,2003,25028046.4,71.096,0.7351752392
PUNJAB,PUNJAB,2004,25362570.1,71.794,0.7609638899
PUNJAB,PUNJAB,2005,25697093.8,72.492,0.8172130344
PUNJAB,PUNJAB,2006,26031617.5,73.19,1.2638477037
PUNJAB,PUNJAB,2007,26366141.2,73.888,1.9987756115
PUNJAB,PUNJAB,2008,26700664.9,74.586,1.4568925585
PUNJAB,PUNJAB,2009,27035188.6,75.284,2.6964857201
PUNJAB,PUNJAB,2010,27369712.3,75.982,2.2908534556
PUNJAB,PUNJAB,2011,27704236,76.68,2.2451440278
PUNJAB,PUNJAB,2012,28038759.7,77.378,3.1278131037
PUNJAB,PUNJAB,2013,28373283.4,78.076,4.7086549032
PUNJAB,PUNJAB,2014,28707807.1,78.774,6.1377032173
PUNJAB,PUNJAB,2015,29042330.8,79.472,6.3218066506
CHANDIGARH,CHANDIGARH,2001,900635,81.9,6.4399007367
CHANDIGARH,CHANDIGARH,2002,916040.1,82.353,5.3491108086
CHANDIGARH,CHANDIGARH,2003,931445.2,82.806,4.2944018607
CHANDIGARH,CHANDIGARH,2004,946850.3,83.259,6.9704788603
CHANDIGARH,CHANDIGARH,2005,962255.4,83.712,5.9235832815
CHANDIGARH,CHANDIGARH,2006,977660.5,84.165,6.5462397223
CHANDIGARH,CHANDIGARH,2007,993065.6,84.618,5.3370089549
CHANDIGARH,CHANDIGARH,2008,1008470.7,85.071,6.5445629704
CHANDIGARH,CHANDIGARH,2009,1023875.8,85.524,6.9344348211
CHANDIGARH,CHANDIGARH,2010,1039280.9,85.977,5.6770022426
CHANDIGARH,CHANDIGARH,2011,1054686,86.43,7.016306275
CHANDIGARH,CHANDIGARH,2012,1070091.1,86.883,8.9711988073
CHANDIGARH,CHANDIGARH,2013,1085496.2,87.336,19.6223625656
CHANDIGARH,CHANDIGARH,2014,1100901.3,87.789,18.893610172
CHANDIGARH,CHANDIGARH,2015,1116306.4,88.242,24.276488964
UTTARAKHAND,UTTARAKHAND,2001,8489349,71.6,0.5418554473
UTTARAKHAND,UTTARAKHAND,2002,8652089.3,72.403,0.3120633533
UTTARAKHAND,UTTARAKHAND,2003,8814829.6,73.206,0.2609239321
UTTARAKHAND,UTTARAKHAND,2004,8977569.9,74.009,0.6349156914
UTTARAKHAND,UTTARAKHAND,2005,9140310.2,74.812,0.8314816274
UTTARAKHAND,UTTARAKHAND,2006,9303050.5,75.615,0.5482072789
UTTARAKHAND,UTTARAKHAND,2007,9465790.8,76.418,1.0670001285
UTTARAKHAND,UTTARAKHAND,2008,9628531.1,77.221,0.3946604067
UTTARAKHAND,UTTARAKHAND,2009,9791271.4,78.024,0.3370348819
UTTARAKHAND,UTTARAKHAND,2010,9954011.7,78.827,0.3114322239
UTTARAKHAND,UTTARAKHAND,2011,10116752,79.63,0.8204214159
UTTARAKHAND,UTTARAKHAND,2012,10279492.3,80.433,1.1868290421
UTTARAKHAND,UTTARAKHAND,2013,10442232.6,81.236,2.2217471003
UTTARAKHAND,UTTARAKHAND,2014,10604972.9,82.039,4.6110443149
UTTARAKHAND,UTTARAKHAND,2015,10767713.2,82.842,5.8972595964
HARYANA,HARYANA,2001,21144564,67.9,1.7167532989
HARYANA,HARYANA,2002,21565415.7,68.774,1.0897077212
HARYANA,HARYANA,2003,21986267.4,69.648,1.3053602723
HARYANA,HARYANA,2004,22407119.1,70.522,0.7319102437
HARYANA,HARYANA,2005,22827970.8,71.396,1.6383409777
HARYANA,HARYANA,2006,23248822.5,72.27,1.9871974161
HARYANA,HARYANA,2007,23669674.2,73.144,1.3730649491
HARYANA,HARYANA,2008,24090525.9,74.018,1.1166215346
HARYANA,HARYANA,2009,24511377.6,74.892,1.4401475338
HARYANA,HARYANA,2010,24932229.3,75.766,1.2152944542
HARYANA,HARYANA,2011,25353081,76.64,1.1044022618
HARYANA,HARYANA,2012,25773932.7,77.514,3.938087415
HARYANA,HARYANA,2013,26194784.4,78.388,6.2607883117
HARYANA,HARYANA,2014,26615636.1,79.262,9.5432624284
HARYANA,HARYANA,2015,27036487.8,80.136,12.0651766018
DELHI,DELHI,2001,13850507,81.7,6.5845965061
DELHI,DELHI,2002,14140779.8,82.164,4.9290068147
DELHI,DELHI,2003,14431052.6,82.628,3.5756227512
DELHI,DELHI,2004,14721325.4,83.092,5.2033358355
DELHI,DELHI,2005,15011598.2,83.556,6.834715307
DELHI,DELHI,2006,15301871,84.02,14.115920857
DELHI,DELHI,2007,15592143.8,84.484,12.9488287557
DELHI,DELHI,2008,15882416.6,84.948,11.6732865451
DELHI,DELHI,2009,16172689.4,85.412,17.5542850653
DELHI,DELHI,2010,16462962.2,85.876,22.0494948351
DELHI,DELHI,2011,16753235,86.34,25.3682348514
DELHI,DELHI,2012,17043507.8,86.804,26.1800566665
DELHI,DELHI,2013,17333780.6,87.268,41.5316206321
DELHI,DELHI,2014,17624053.4,87.732,53.0524947229
DELHI,DELHI,2015,17914326.2,88.196,52.9687798138
RAJASTHAN,RAJASTHAN,2001,56507188,60.4,0.3857916271
RAJASTHAN,RAJASTHAN,2002,57718570.4,61.066,0.3534391074
RAJASTHAN,RAJASTHAN,2003,58929952.8,61.732,0.4072631804
RAJASTHAN,RAJASTHAN,2004,60141335.2,62.398,0.6700882158
RAJASTHAN,RAJASTHAN,2005,61352717.6,63.064,0.945353397
RAJASTHAN,RAJASTHAN,2006,62564100,63.73,1.5200410459
RAJASTHAN,RAJASTHAN,2007,63775482.4,64.396,1.9631368559
RAJASTHAN,RAJASTHAN,2008,64986864.8,65.062,1.8819187597
RAJASTHAN,RAJASTHAN,2009,66198247.2,65.728,2.1254339193
RAJASTHAN,RAJASTHAN,2010,67409629.6,66.394,1.9552102687
RAJASTHAN,RAJASTHAN,2011,68621012,67.06,2.1728038636
RAJASTHAN,RAJASTHAN,2012,69832394.4,67.726,2.5876242903
RAJASTHAN,RAJASTHAN,2013,71043776.8,68.392,4.0650991967
RAJASTHAN,RAJASTHAN,2014,72255159.2,69.058,5.3698587657
RAJASTHAN,RAJASTHAN,2015,73466541.6,69.724,5.021333412
UTTAR PRADESH,UTTAR PRADESH,2001,166197921,56.3,2.2316765322
UTTAR PRADESH,UTTAR PRADESH,2002,169536276.6,57.642,1.0770556229
UTTAR PRADESH,UTTAR PRADESH,2003,172874632.2,58.984,0.9845284865
UTTAR PRADESH,UTTAR PRADESH,2004,176212987.8,60.326,1.0901580093
UTTAR PRADESH,UTTAR PRADESH,2005,179551343.4,61.668,1.0030557087
UTTAR PRADESH,UTTAR PRADESH,2006,182889699,63.01,0.9661561092
UTTAR PRADESH,UTTAR PRADESH,2007,186228054.6,64.352,1.2071220981
UTTAR PRADESH,UTTAR PRADESH,2008,189566410.2,65.694,2.1512249959
UTTAR PRADESH,UTTAR PRADESH,2009,192904765.8,67.036,1.5992347246
UTTAR PRADESH,UTTAR PRADESH,2010,196243121.4,68.378,1.1883219057
UTTAR PRADESH,UTTAR PRADESH,2011,199581477,69.72,2.7557667589
UTTAR PRADESH,UTTAR PRADESH,2012,202919832.6,71.062,2.9730952971
UTTAR PRADESH,UTTAR PRADESH,2013,206258188.2,72.404,4.7789617886
UTTAR PRADESH,UTTAR PRADESH,2014,209596543.8,73.746,7.0778838864
UTTAR PRADESH,UTTAR PRADESH,2015,212934899.4,75.088,5.3631415199
BIHAR,BIHAR,2001,82998509,47,0.1000017964
BIHAR,BIHAR,2002,85079121.8,48.682,0.0669964602
BIHAR,BIHAR,2003,87159734.6,50.364,0.0642498514
BIHAR,BIHAR,2004,89240347.4,52.046,0.0661135929
BIHAR,BIHAR,2005,91320960.2,53.728,0.1259294687
BIHAR,BIHAR,2006,93401573,55.41,0.0706626215
BIHAR,BIHAR,2007,95482185.8,57.092,0.7069381522
BIHAR,BIHAR,2008,97562798.6,58.774,0.7851353292
BIHAR,BIHAR,2009,99643411.4,60.456,1.0196359054
BIHAR,BIHAR,2010,101724024.2,62.138,1.8117647375
BIHAR,BIHAR,2011,103804637,63.82,2.1511563111
BIHAR,BIHAR,2012,105885249.8,65.502,2.7331474454
BIHAR,BIHAR,2013,107965862.6,67.184,1.4634255328
BIHAR,BIHAR,2014,110046475.4,68.866,2.0491342333
BIHAR,BIHAR,2015,112127088.2,70.548,1.7096671561
SIKKIM,SIKKIM,2001,540851,68.8,0.9244690312
SIKKIM,SIKKIM,2002,547534.7,70.14,1.0958209589
SIKKIM,SIKKIM,2003,554218.4,71.48,2.706514255
SIKKIM,SIKKIM,2004,560902.1,72.82,1.4262738542
SIKKIM,SIKKIM,2005,567585.8,74.16,4.4046204116
SIKKIM,SIKKIM,2006,574269.5,75.5,6.0946994399
SIKKIM,SIKKIM,2007,580953.2,76.84,5.3360580508
SIKKIM,SIKKIM,2008,587636.9,78.18,4.084154688
SIKKIM,SIKKIM,2009,594320.6,79.52,6.7303741449
SIKKIM,SIKKIM,2010,601004.3,80.86,4.8252566579
SIKKIM,SIKKIM,2011,607688,82.2,4.7721857269
SIKKIM,SIKKIM,2012,614371.7,83.54,4.8830374186
SIKKIM,SIKKIM,2013,621055.4,84.88,6.2796330247
SIKKIM,SIKKIM,2014,627739.1,86.22,14.8150720578
SIKKIM,SIKKIM,2015,634422.8,87.56,10.0879098292
ARUNACHAL PRADESH,ARUNACHAL PRADESH,2001,1097968,54.3,0
ARUNACHAL PRADESH,ARUNACHAL PRADESH,2002,1126432.3,55.565,0.5326551804
ARUNACHAL PRADESH,ARUNACHAL PRADESH,2003,1154896.6,56.83,1.5585810886
ARUNACHAL PRADESH,ARUNACHAL PRADESH,2004,1183360.9,58.095,1.8591116201
ARUNACHAL PRADESH,ARUNACHAL PRADESH,2005,1211825.2,59.36,1.8154433494
ARUNACHAL PRADESH,ARUNACHAL PRADESH,2006,1240289.5,60.625,2.1769111163
ARUNACHAL PRADESH,ARUNACHAL PRADESH,2007,1268753.8,61.89,0.3152699917
ARUNACHAL PRADESH,ARUNACHAL PRADESH,2008,1297218.1,63.155,1.8501129455
ARUNACHAL PRADESH,ARUNACHAL PRADESH,2009,1325682.4,64.42,2.4892840095
ARUNACHAL PRADESH,ARUNACHAL PRADESH,2010,1354146.7,65.685,1.4769448539
ARUNACHAL PRADESH,ARUNACHAL PRADESH,2011,1382611,66.95,2.5314423218
ARUNACHAL PRADESH,ARUNACHAL PRADESH,2012,1411075.3,68.215,2.7638496684
ARUNACHAL PRADESH,ARUNACHAL PRADESH,2013,1439539.6,69.48,5.6962656672
ARUNACHAL PRADESH,ARUNACHAL PRADESH,2014,1468003.9,70.745,9.1280411448
ARUNACHAL PRADESH,ARUNACHAL PRADESH,2015,1496468.2,72.01,12.095145089
NAGALAND,NAGALAND,2001,1990036,66.6,0
NAGALAND,NAGALAND,2002,1989092.6,67.951,0
NAGALAND,NAGALAND,2003,1988149.2,69.302,0
NAGALAND,NAGALAND,2004,1987205.8,70.653,0.0503219143
NAGALAND,NAGALAND,2005,1986262.4,72.004,0
NAGALAND,NAGALAND,2006,1985319,73.355,0.705176347
NAGALAND,NAGALAND,2007,1984375.6,74.706,0.3527557989
NAGALAND,NAGALAND,2008,1983432.2,76.057,0.1512529644
NAGALAND,NAGALAND,2009,1982488.8,77.408,0
NAGALAND,NAGALAND,2010,1981545.4,78.759,0.504656618
NAGALAND,NAGALAND,2011,1980602,80.11,1.0097939919
NAGALAND,NAGALAND,2012,1979658.6,81.461,0.6566788839
NAGALAND,NAGALAND,2013,1978715.2,82.812,0.4043027516
NAGALAND,NAGALAND,2014,1977771.8,84.163,1.2640487644
NAGALAND,NAGALAND,2015,1976828.4,85.514,3.0857508927
MANIPUR,MANIPUR,2001,2166788,70.5,0
MANIPUR,MANIPUR,2002,2222284.8,71.435,0
MANIPUR,MANIPUR,2003,2277781.6,72.37,1.5804851527
MANIPUR,MANIPUR,2004,2333278.4,73.305,1.3286027077
MANIPUR,MANIPUR,2005,2388775.2,74.24,0.8372491476
MANIPUR,MANIPUR,2006,2444272,75.175,2.2092467614
MANIPUR,MANIPUR,2007,2499768.8,76.11,1.9601812776
MANIPUR,MANIPUR,2008,2555265.6,77.045,3.4830038803
MANIPUR,MANIPUR,2009,2610762.4,77.98,2.7578151118
MANIPUR,MANIPUR,2010,2666259.2,78.915,2.7379183539
MANIPUR,MANIPUR,2011,2721756,79.85,3.196465811
MANIPUR,MANIPUR,2012,2777252.8,80.785,3.7447077198
MANIPUR,MANIPUR,2013,2832749.6,81.72,4.3420710394
MANIPUR,MANIPUR,2014,2888246.4,82.655,4.7433626162
MANIPUR,MANIPUR,2015,2943743.2,83.59,3.7367389927
MIZORAM,MIZORAM,2001,888573,88.8,0
MIZORAM,MIZORAM,2002,908817.1,89.078,0
MIZORAM,MIZORAM,2003,929061.2,89.356,1.8298041076
MIZORAM,MIZORAM,2004,949305.3,89.634,0
MIZORAM,MIZORAM,2005,969549.4,89.912,7.6324115099
MIZORAM,MIZORAM,2006,989793.5,90.19,3.536091114
MIZORAM,MIZORAM,2007,1010037.6,90.468,6.3363977737
MIZORAM,MIZORAM,2008,1030281.7,90.746,2.1353383254
MIZORAM,MIZORAM,2009,1050525.8,91.024,1.332665985
MIZORAM,MIZORAM,2010,1070769.9,91.302,4.6695373114
MIZORAM,MIZORAM,2011,1091014,91.58,4.7662083163
MIZORAM,MIZORAM,2012,1111258.1,91.858,8.5488690701
MIZORAM,MIZORAM,2013,1131502.2,92.136,6.8934907948
MIZORAM,MIZORAM,2014,1151746.3,92.414,15.4547924313
MIZORAM,MIZORAM,2015,1171990.4,92.692,15.870437164
TRIPURA,TRIPURA,2001,3199203,73.2,0
TRIPURA,TRIPURA,2002,3246385.9,74.655,0
TRIPURA,TRIPURA,2003,3293568.8,76.11,0
TRIPURA,TRIPURA,2004,3340751.7,77.565,1.7660695945
TRIPURA,TRIPURA,2005,3387934.6,79.02,0.8264622345
TRIPURA,TRIPURA,2006,3435117.5,80.475,1.1935545145
TRIPURA,TRIPURA,2007,3482300.4,81.93,1.8091489178
TRIPURA,TRIPURA,2008,3529483.3,83.385,4.6182397293
TRIPURA,TRIPURA,2009,3576666.2,84.84,4.5573165312
TRIPURA,TRIPURA,2010,3623849.1,86.295,6.264057739
TRIPURA,TRIPURA,2011,3671032,87.75,2.7785102391
TRIPURA,TRIPURA,2012,3718214.9,89.205,0.5378925247
TRIPURA,TRIPURA,2013,3765397.8,90.66,2.6557618959
TRIPURA,TRIPURA,2014,3812580.7,92.115,9.6784836581
TRIPURA,TRIPURA,2015,3859763.6,93.57,6.6066222294
MEGHALAYA,MEGHALAYA,2001,2318822,62.6,0
MEGHALAYA,MEGHALAYA,2002,2383340.5,63.888,0.0419579158
MEGHALAYA,MEGHALAYA,2003,2447859,65.176,1.8791932052
MEGHALAYA,MEGHALAYA,2004,2512377.5,66.464,0
MEGHALAYA,MEGHALAYA,2005,2576896,67.752,3.1433166104
MEGHALAYA,MEGHALAYA,2006,2641414.5,69.04,2.687953746
MEGHALAYA,MEGHALAYA,2007,2705933,70.328,2.6238639316
MEGHALAYA,MEGHALAYA,2008,2770451.5,71.616,2.237902378
MEGHALAYA,MEGHALAYA,2009,2834970,72.904,2.9277205755
MEGHALAYA,MEGHALAYA,2010,2899488.5,74.192,3.7937725913
MEGHALAYA,MEGHALAYA,2011,2964007,75.48,3.5087636433
MEGHALAYA,MEGHALAYA,2012,3028525.5,76.768,3.0047625486
MEGHALAYA,MEGHALAYA,2013,3093044,78.056,5.9165016728
MEGHALAYA,MEGHALAYA,2014,3157562.5,79.344,6.7457097049
MEGHALAYA,MEGHALAYA,2015,3222081,80.632,7.9762116471
ASSAM,ASSAM,2001,26655528,63.3,0.0675282065
ASSAM,ASSAM,2002,27106902.4,64.288,0.051647362
ASSAM,ASSAM,2003,27558276.8,65.276,0.0689448043
ASSAM,ASSAM,2004,28009651.2,66.264,0.0749741575
ASSAM,ASSAM,2005,28461025.6,67.252,0.6992017884
ASSAM,ASSAM,2006,28912400,68.24,0.8715983453
ASSAM,ASSAM,2007,29363774.4,69.228,0.5687279766
ASSAM,ASSAM,2008,29815148.8,70.216,0.6137819443
ASSAM,ASSAM,2009,30266523.2,71.204,0.6046284167
ASSAM,ASSAM,2010,30717897.6,72.192,0.641319932
ASSAM,ASSAM,2011,31169272,73.18,0.757155958
ASSAM,ASSAM,2012,31620646.4,74.168,1.2396963523
ASSAM,ASSAM,2013,32072020.8,75.156,1.6151149416
ASSAM,ASSAM,2014,32523395.2,76.144,4.2584729899
ASSAM,ASSAM,2015,32974769.6,77.132,8.5974823612
WEST BENGAL,WEST BENGAL,2001,80176197,68.6,0.2082912463
WEST BENGAL,WEST BENGAL,2002,81293350.9,69.448,0.2152697583
WEST BENGAL,WEST BENGAL,2003,82410504.8,70.296,0.1795887555
WEST BENGAL,WEST BENGAL,2004,83527658.7,71.144,0.2466248943
WEST BENGAL,WEST BENGAL,2005,84644812.6,71.992,0.2788121242
WEST BENGAL,WEST BENGAL,2006,85761966.5,72.84,0.5037197929
WEST BENGAL,WEST BENGAL,2007,86879120.4,73.688,0.4155198606
WEST BENGAL,WEST BENGAL,2008,87996274.3,74.536,0.5829792273
WEST BENGAL,WEST BENGAL,2009,89113428.2,75.384,0.5431280221
WEST BENGAL,WEST BENGAL,2010,90230582.1,76.232,0.97527909
WEST BENGAL,WEST BENGAL,2011,91347736,77.08,1.5873409276
WEST BENGAL,WEST BENGAL,2012,92464889.9,77.928,1.8450246378
WEST BENGAL,WEST BENGAL,2013,93582043.8,78.776,2.7035100937
WEST BENGAL,WEST BENGAL,2014,94699197.7,79.624,5.1837820375
WEST BENGAL,WEST BENGAL,2015,95816351.6,80.472,5.1797004552
JHARKHAND,JHARKHAND,2001,26945829,53.6,0.1521571298
JHARKHAND,JHARKHAND,2002,27547869.9,55.003,0.4029349652
JHARKHAND,JHARKHAND,2003,28149910.8,56.406,0.1243343194
JHARKHAND,JHARKHAND,2004,28751951.7,57.809,0.3895387735
JHARKHAND,JHARKHAND,2005,29353992.6,59.212,0.3304490851
JHARKHAND,JHARKHAND,2006,29956033.5,60.615,0.373881275
JHARKHAND,JHARKHAND,2007,30558074.4,62.018,0.2421618556
JHARKHAND,JHARKHAND,2008,31160115.3,63.421,0.2278553828
JHARKHAND,JHARKHAND,2009,31762156.2,64.824,0.1889040518
JHARKHAND,JHARKHAND,2010,32364197.1,66.227,0.1668510417
JHARKHAND,JHARKHAND,2011,32966238,67.63,0.2578395509
JHARKHAND,JHARKHAND,2012,33568278.9,69.033,0.3366273271
JHARKHAND,JHARKHAND,2013,34170319.8,70.436,0.3775206107
JHARKHAND,JHARKHAND,2014,34772360.7,71.839,1.2164834124
JHARKHAND,JHARKHAND,2015,35374401.6,73.242,1.147722595
ODISHA,ODISHA,2001,36804660,53.6,0.1847592126
ODISHA,ODISHA,2002,37321615.8,55.585,0.1500470942
ODISHA,ODISHA,2003,37838571.6,57.57,0.369992825
ODISHA,ODISHA,2004,38355527.4,59.555,0.336327014
ODISHA,ODISHA,2005,38872483.2,61.54,0.221236188
ODISHA,ODISHA,2006,39389439,63.525,0.3909677414
ODISHA,ODISHA,2007,39906394.8,65.51,0.5036786736
ODISHA,ODISHA,2008,40423350.6,67.495,0.348808295
ODISHA,ODISHA,2009,40940306.4,69.48,0.4738606451
ODISHA,ODISHA,2010,41457262.2,71.465,0.4679517887
ODISHA,ODISHA,2011,41974218,73.45,0.7504606756
ODISHA,ODISHA,2012,42491173.8,75.435,0.983733709
ODISHA,ODISHA,2013,43008129.6,77.42,2.6111342447
ODISHA,ODISHA,2014,43525085.4,79.405,5.0453663211
ODISHA,ODISHA,2015,44042041.2,81.39,5.8171690734
CHHATTISGARH,CHHATTISGARH,2001,20833803,64.7,12.2973227692
CHHATTISGARH,CHHATTISGARH,2002,21304442.3,65.334,3.4405969876
CHHATTISGARH,CHHATTISGARH,2003,21775081.6,65.968,2.81973685
CHHATTISGARH,CHHATTISGARH,2004,22245720.9,66.602,4.2255317516
CHHATTISGARH,CHHATTISGARH,2005,22716360.2,67.236,4.3889073391
CHHATTISGARH,CHHATTISGARH,2006,23186999.5,67.87,5.3391988041
CHHATTISGARH,CHHATTISGARH,2007,23657638.8,68.504,4.3284116756
CHHATTISGARH,CHHATTISGARH,2008,24128278.1,69.138,4.8366484967
CHHATTISGARH,CHHATTISGARH,2009,24598917.4,69.772,5.3701550297
CHHATTISGARH,CHHATTISGARH,2010,25069556.7,70.406,5.8357633424
CHHATTISGARH,CHHATTISGARH,2011,25540196,71.04,6.9772369797
CHHATTISGARH,CHHATTISGARH,2012,26010835.3,71.674,7.2316016702
CHHATTISGARH,CHHATTISGARH,2013,26481474.6,72.308,14.1117519188
CHHATTISGARH,CHHATTISGARH,2014,26952113.9,72.942,16.169418162
CHHATTISGARH,CHHATTISGARH,2015,27422753.2,73.576,16.2966860672
MADHYA PRADESH,MADHYA PRADESH,2001,60348023,63.7,2.3613035343
MADHYA PRADESH,MADHYA PRADESH,2002,61572977.2,64.393,3.7825034713
MADHYA PRADESH,MADHYA PRADESH,2003,62797931.4,65.086,4.2389931335
MADHYA PRADESH,MADHYA PRADESH,2004,64022885.6,65.779,5.7057721872
MADHYA PRADESH,MADHYA PRADESH,2005,65247839.8,66.472,5.7028707945
MADHYA PRADESH,MADHYA PRADESH,2006,66472794,67.165,5.9257325636
MADHYA PRADESH,MADHYA PRADESH,2007,67697748.2,67.858,6.3369906889
MADHYA PRADESH,MADHYA PRADESH,2008,68922702.4,68.551,6.1793862569
MADHYA PRADESH,MADHYA PRADESH,2009,70147656.6,69.244,6.6231720704
MADHYA PRADESH,MADHYA PRADESH,2010,71372610.8,69.937,6.8821918449
MADHYA PRADESH,MADHYA PRADESH,2011,72597565,70.63,6.0346376631
MADHYA PRADESH,MADHYA PRADESH,2012,73822519.2,71.323,7.0005738845
MADHYA PRADESH,MADHYA PRADESH,2013,75047473.4,72.016,10.9890441695
MADHYA PRADESH,MADHYA PRADESH,2014,76272427.6,72.709,19.7777892676
MADHYA PRADESH,MADHYA PRADESH,2015,77497381.8,73.402,16.5928186235
GUJARAT,GUJARAT,2001,50671017,69.1,1.1288504432
GUJARAT,GUJARAT,2002,51642278.1,70.121,1.3748425246
GUJARAT,GUJARAT,2003,52613539.2,71.142,1.2639332197
GUJARAT,GUJARAT,2004,53584800.3,72.163,1.4910944811
GUJARAT,GUJARAT,2005,54556061.4,73.184,1.5323686838
GUJARAT,GUJARAT,2006,55527322.5,74.205,1.7594941661
GUJARAT,GUJARAT,2007,56498583.6,75.226,1.9646510218
GUJARAT,GUJARAT,2008,57469844.7,76.247,1.8688061637
GUJARAT,GUJARAT,2009,58441105.8,77.268,1.6563683845
GUJARAT,GUJARAT,2010,59412366.9,78.289,1.693250164
GUJARAT,GUJARAT,2011,60383628,79.31,1.8730242575
GUJARAT,GUJARAT,2012,61354889.1,80.331,2.1628268252
GUJARAT,GUJARAT,2013,62326150.2,81.352,3.3308651238
GUJARAT,GUJARAT,2014,63297411.3,82.373,5.0855160328
GUJARAT,GUJARAT,2015,64268672.4,83.394,5.6372721961
DAMAN AND DIU,DAMAN AND DIU,2001,158204,78.2,0
DAMAN AND DIU,DAMAN AND DIU,2002,166674.7,79.087,0
DAMAN AND DIU,DAMAN AND DIU,2003,175145.4,79.974,3.4257251404
DAMAN AND DIU,DAMAN AND DIU,2004,183616.1,80.861,1.0892291035
DAMAN AND DIU,DAMAN AND DIU,2005,192086.8,81.748,2.6029898983
DAMAN AND DIU,DAMAN AND DIU,2006,200557.5,82.635,1.4958303728
DAMAN AND DIU,DAMAN AND DIU,2007,209028.2,83.522,1.4352130478
DAMAN AND DIU,DAMAN AND DIU,2008,217498.9,84.409,1.8390897609
DAMAN AND DIU,DAMAN AND DIU,2009,225969.6,85.296,0.8850748065
DAMAN AND DIU,DAMAN AND DIU,2010,234440.3,86.183,0.8530956495
DAMAN AND DIU,DAMAN AND DIU,2011,242911,87.07,1.2350202337
DAMAN AND DIU,DAMAN AND DIU,2012,251381.7,87.957,3.1824114484
DAMAN AND DIU,DAMAN AND DIU,2013,259852.4,88.844,5.3876739257
DAMAN AND DIU,DAMAN AND DIU,2014,268323.1,89.731,2.6087951429
DAMAN AND DIU,DAMAN AND DIU,2015,276793.8,90.618,10.1158335194
DADRA NAGAR HAVELI,DADRA NAGAR HAVELI,2001,220490,57.6,0
DADRA NAGAR HAVELI,DADRA NAGAR HAVELI,2002,232726.3,59.605,0
DADRA NAGAR HAVELI,DADRA NAGAR HAVELI,2003,244962.6,61.61,0.4082255822
DADRA NAGAR HAVELI,DADRA NAGAR HAVELI,2004,257198.9,63.615,4.276845663
DADRA NAGAR HAVELI,DADRA NAGAR HAVELI,2005,269435.2,65.62,1.855733772
DADRA NAGAR HAVELI,DADRA NAGAR HAVELI,2006,281671.5,67.625,5.3253524052
DADRA NAGAR HAVELI,DADRA NAGAR HAVELI,2007,293907.8,69.63,3.7426703204
DADRA NAGAR HAVELI,DADRA NAGAR HAVELI,2008,306144.1,71.635,5.5529405924
DADRA NAGAR HAVELI,DADRA NAGAR HAVELI,2009,318380.4,73.64,3.4549865507
DADRA NAGAR HAVELI,DADRA NAGAR HAVELI,2010,330616.7,75.645,3.9320457799
DADRA NAGAR HAVELI,DADRA NAGAR HAVELI,2011,342853,77.65,3.2083721012
DADRA NAGAR HAVELI,DADRA NAGAR HAVELI,2012,355089.3,79.655,2.2529543977
DADRA NAGAR HAVELI,DADRA NAGAR HAVELI,2013,367325.6,81.66,3.8113325072
DADRA NAGAR HAVELI,DADRA NAGAR HAVELI,2014,379561.9,83.665,2.898078021
DADRA NAGAR HAVELI,DADRA NAGAR HAVELI,2015,391798.2,85.67,8.9331701881
MAHARASHTRA,MAHARASHTRA,2001,96878627,76.9,1.6732276769
MAHARASHTRA,MAHARASHTRA,2002,98428061.5,77.501,1.8897050004
MAHARASHTRA,MAHARASHTRA,2003,99977496,78.102,2.0014504064
MAHARASHTRA,MAHARASHTRA,2004,101526930.5,78.703,2.2466945359
MAHARASHTRA,MAHARASHTRA,2005,103076365,79.304,2.2362061371
MAHARASHTRA,MAHARASHTRA,2006,104625799.5,79.905,2.7153914365
MAHARASHTRA,MAHARASHTRA,2007,106175234,80.506,2.5495587794
MAHARASHTRA,MAHARASHTRA,2008,107724668.5,81.107,2.5147443364
MAHARASHTRA,MAHARASHTRA,2009,109274103,81.708,2.6483859584
MAHARASHTRA,MAHARASHTRA,2010,110823537.5,82.309,2.945222715
MAHARASHTRA,MAHARASHTRA,2011,112372972,82.91,2.9918226244
MAHARASHTRA,MAHARASHTRA,2012,113922406.5,83.511,3.033643781
MAHARASHTRA,MAHARASHTRA,2013,115471841,84.112,5.5511369218
MAHARASHTRA,MAHARASHTRA,2014,117021275.5,84.713,6.9346364286
MAHARASHTRA,MAHARASHTRA,2015,118570710,85.314,11.7406735609
ANDHRA PRADESH,ANDHRA PRADESH,2001,76210007,60.5,0.3542841821
ANDHRA PRADESH,ANDHRA PRADESH,2002,77055559.6,61.216,0.4321557091
ANDHRA PRADESH,ANDHRA PRADESH,2003,77901112.2,61.932,1.8780219674
ANDHRA PRADESH,ANDHRA PRADESH,2004,78746664.8,62.648,1.6864206292
ANDHRA PRADESH,ANDHRA PRADESH,2005,79592217.4,63.364,1.193584035
ANDHRA PRADESH,ANDHRA PRADESH,2006,80437770,64.08,1.7230711393
ANDHRA PRADESH,ANDHRA PRADESH,2007,81283322.6,64.796,1.8441667393
ANDHRA PRADESH,ANDHRA PRADESH,2008,82128875.2,65.512,1.6084476949
ANDHRA PRADESH,ANDHRA PRADESH,2009,82974427.8,66.228,2.0717226326
ANDHRA PRADESH,ANDHRA PRADESH,2010,83819980.4,66.944,2.1748991008
ANDHRA PRADESH,ANDHRA PRADESH,2011,84665533,67.66,2.6138145259
ANDHRA PRADESH,ANDHRA PRADESH,2012,85511085.6,68.376,2.6593043277
ANDHRA PRADESH,ANDHRA PRADESH,2013,86356638.2,69.092,2.9829785569
ANDHRA PRADESH,ANDHRA PRADESH,2014,87202190.8,69.808,4.5744263572
ANDHRA PRADESH,ANDHRA PRADESH,2015,88047743.4,70.524,5.3255197907
KARNATAKA,KARNATAKA,2001,52850562,66.6,0.1286646677
KARNATAKA,KARNATAKA,2002,53678576.2,67.5,0.2123752306
KARNATAKA,KARNATAKA,2003,54506590.4,68.4,0.2128183017
KARNATAKA,KARNATAKA,2004,55334604.6,69.3,0.3415584179
KARNATAKA,KARNATAKA,2005,56162618.8,70.2,0.3400838566
KARNATAKA,KARNATAKA,2006,56990633,71.1,0.4842901113
KARNATAKA,KARNATAKA,2007,57818647.2,72,0.46005919
KARNATAKA,KARNATAKA,2008,58646661.4,72.9,0.6615892375
KARNATAKA,KARNATAKA,2009,59474675.6,73.8,0.5178674737
KARNATAKA,KARNATAKA,2010,60302689.8,74.7,0.6782450358
KARNATAKA,KARNATAKA,2011,61130704,75.6,0.5463702823
KARNATAKA,KARNATAKA,2012,61958718.2,76.5,1.4122306358
KARNATAKA,KARNATAKA,2013,62786732.4,77.4,2.154913862
KARNATAKA,KARNATAKA,2014,63614746.6,78.3,5.3698241093
KARNATAKA,KARNATAKA,2015,64442760.8,79.2,6.1465398919
GOA,GOA,2001,1347668,82,2.5228765542
GOA,GOA,2002,1358673.5,82.54,2.2816371998
GOA,GOA,2003,1369679,83.08,4.1615590222
GOA,GOA,2004,1380684.5,83.62,3.8386756714
GOA,GOA,2005,1391690,84.16,3.8083193815
GOA,GOA,2006,1402695.5,84.7,3.8497307505
GOA,GOA,2007,1413701,85.24,4.951542087
GOA,GOA,2008,1424706.5,85.78,5.6151916202
GOA,GOA,2009,1435712,86.32,6.4079704007
GOA,GOA,2010,1446717.5,86.86,5.4606376158
GOA,GOA,2011,1457723,87.4,5.1450104032
GOA,GOA,2012,1468728.5,87.94,8.3065045718
GOA,GOA,2013,1479734,88.48,18.2465226858
GOA,GOA,2014,1490739.5,89.02,22.136664387
GOA,GOA,2015,1501745,89.56,16.1145866975
LAKSHADWEEP,LAKSHADWEEP,2001,60650,86.7,1.6488046167
LAKSHADWEEP,LAKSHADWEEP,2002,61027.9,87.258,0
LAKSHADWEEP,LAKSHADWEEP,2003,61405.8,87.816,1.6285106619
LAKSHADWEEP,LAKSHADWEEP,2004,61783.7,88.374,0
LAKSHADWEEP,LAKSHADWEEP,2005,62161.6,88.932,0
LAKSHADWEEP,LAKSHADWEEP,2006,62539.5,89.49,0
LAKSHADWEEP,LAKSHADWEEP,2007,62917.4,90.048,0
LAKSHADWEEP,LAKSHADWEEP,2008,63295.3,90.606,0
LAKSHADWEEP,LAKSHADWEEP,2009,63673.2,91.164,0
LAKSHADWEEP,LAKSHADWEEP,2010,64051.1,91.722,0
LAKSHADWEEP,LAKSHADWEEP,2011,64429,92.28,0
LAKSHADWEEP,LAKSHADWEEP,2012,64806.9,92.838,0
LAKSHADWEEP,LAKSHADWEEP,2013,65184.8,93.396,0
LAKSHADWEEP,LAKSHADWEEP,2014,65562.7,93.954,1.5252575016
LAKSHADWEEP,LAKSHADWEEP,2015,65940.6,94.512,3.0330327598
KERALA,KERALA,2001,31841374,90.9,0.775720294
KERALA,KERALA,2002,31996004.3,91.201,0.7500936609
KERALA,KERALA,2003,32150634.6,91.502,0.5567541737
KERALA,KERALA,2004,32305264.9,91.803,1.0555554986
KERALA,KERALA,2005,32459895.2,92.104,1.1891597235
KERALA,KERALA,2006,32614525.5,92.405,1.6955635304
KERALA,KERALA,2007,32769155.8,92.706,1.4861536348
KERALA,KERALA,2008,32923786.1,93.007,1.6674874461
KERALA,KERALA,2009,33078416.4,93.308,1.7745710463
KERALA,KERALA,2010,33233046.7,93.609,1.7933956082
KERALA,KERALA,2011,33387677,93.91,4.3489099287
KERALA,KERALA,2012,33542307.3,94.211,3.9472538015
KERALA,KERALA,2013,33696937.6,94.512,5.5702391187
KERALA,KERALA,2014,33851567.9,94.813,7.0631883494
KERALA,KERALA,2015,34006198.2,95.114,7.0104866942
TAMIL NADU,TAMIL NADU,2001,62405679,73.5,0.0977475143
TAMIL NADU,TAMIL NADU,2002,63379006.9,74.183,0.2130042842
TAMIL NADU,TAMIL NADU,2003,64352334.8,74.866,0.2750482955
TAMIL NADU,TAMIL NADU,2004,65325662.7,75.549,0.6016012448
TAMIL NADU,TAMIL NADU,2005,66298990.6,76.232,0.4343957538
TAMIL NADU,TAMIL NADU,2006,67272318.5,76.915,0.5247329182
TAMIL NADU,TAMIL NADU,2007,68245646.4,77.598,0.6461950663
TAMIL NADU,TAMIL NADU,2008,69218974.3,78.281,0.962163925
TAMIL NADU,TAMIL NADU,2009,70192302.2,78.964,0.9032329474
TAMIL NADU,TAMIL NADU,2010,71165630.1,79.647,1.1381898802
TAMIL NADU,TAMIL NADU,2011,72138958,80.33,1.2822475201
TAMIL NADU,TAMIL NADU,2012,73112285.9,81.013,1.4169985075
TAMIL NADU,TAMIL NADU,2013,74085613.8,81.696,1.6035501888
TAMIL NADU,TAMIL NADU,2014,75058941.7,82.379,3.136201959
TAMIL NADU,TAMIL NADU,2015,76032269.6,83.062,3.4419595966
PUDUCHERRY,PUDUCHERRY,2001,974345,81.2,0.5131652546
PUDUCHERRY,PUDUCHERRY,2002,1001356.9,81.735,1.6976963958
PUDUCHERRY,PUDUCHERRY,2003,1028368.8,82.27,0.4862068939
PUDUCHERRY,PUDUCHERRY,2004,1055380.7,82.805,1.1370304574
PUDUCHERRY,PUDUCHERRY,2005,1082392.6,83.34,0.7391033531
PUDUCHERRY,PUDUCHERRY,2006,1109404.5,83.875,2.2534612037
PUDUCHERRY,PUDUCHERRY,2007,1136416.4,84.41,2.023906026
PUDUCHERRY,PUDUCHERRY,2008,1163428.3,84.945,2.2347745882
PUDUCHERRY,PUDUCHERRY,2009,1190440.2,85.48,1.7640533309
PUDUCHERRY,PUDUCHERRY,2010,1217452.1,86.015,1.3142200831
PUDUCHERRY,PUDUCHERRY,2011,1244464,86.55,1.2053382018
PUDUCHERRY,PUDUCHERRY,2012,1271475.9,87.085,2.5167602469
PUDUCHERRY,PUDUCHERRY,2013,1298487.8,87.62,3.6195950397
PUDUCHERRY,PUDUCHERRY,2014,1325499.7,88.155,2.8668433497
PUDUCHERRY,PUDUCHERRY,2015,1352511.6,88.69,4.1404450801
ANDAMAN AND NICOBAR ISLANDS,ANDAMAN AND NICOBAR ISLANDS,2001,356152,81.3,0
ANDAMAN AND NICOBAR ISLANDS,ANDAMAN AND NICOBAR ISLANDS,2002,358531.2,81.797,0
ANDAMAN AND NICOBAR ISLANDS,ANDAMAN AND NICOBAR ISLANDS,2003,360910.4,82.294,1.6624624838
ANDAMAN AND NICOBAR ISLANDS,ANDAMAN AND NICOBAR ISLANDS,2004,363289.6,82.791,3.8536748644
ANDAMAN AND NICOBAR ISLANDS,ANDAMAN AND NICOBAR ISLANDS,2005,365668.8,83.288,2.1877721042
ANDAMAN AND NICOBAR ISLANDS,ANDAMAN AND NICOBAR ISLANDS,2006,368048,83.785,2.4453332174
ANDAMAN AND NICOBAR ISLANDS,ANDAMAN AND NICOBAR ISLANDS,2007,370427.2,84.282,2.6995857756
ANDAMAN AND NICOBAR ISLANDS,ANDAMAN AND NICOBAR ISLANDS,2008,372806.4,84.779,12.6070797068
ANDAMAN AND NICOBAR ISLANDS,ANDAMAN AND NICOBAR ISLANDS,2009,375185.6,85.276,10.9279247391
ANDAMAN AND NICOBAR ISLANDS,ANDAMAN AND NICOBAR ISLANDS,2010,377564.8,85.773,13.5076151167
ANDAMAN AND NICOBAR ISLANDS,ANDAMAN AND NICOBAR ISLANDS,2011,379944,86.27,8.1590971301
ANDAMAN AND NICOBAR ISLANDS,ANDAMAN AND NICOBAR ISLANDS,2012,382323.2,86.767,7.3236465901
ANDAMAN AND NICOBAR ISLANDS,ANDAMAN AND NICOBAR ISLANDS,2013,384702.4,87.264,14.0368243089
ANDAMAN AND NICOBAR ISLANDS,ANDAMAN AND NICOBAR ISLANDS,2014,387081.6,87.761,12.9171730198
ANDAMAN AND NICOBAR ISLANDS,ANDAMAN AND NICOBAR ISLANDS,2015,389460.8,88.258,26.1900555845
